method,node_id,p_Pa
loop,1,0.0
loop,2,41.811706849148884
loop,6,104.52689496203882
loop,14,125.4256319041131
loop,30,235.83074141126627
loop,33,236.32323140723796
loop,35,237.0609774654606
loop,39,273.0641718296081
loop,41,274.2944078838024
loop,43,286.29613196234146
loop,45,293.67754828750753
loop,47,313.50920311996254
loop,49,339.80428519492045
loop,51,400.29946196917797
loop,53,345.19764276867943
loop,66,463.890007593619
loop,69,239.5433754315262
loop,71,242.7610312918573
loop,73,248.41366996541197
loop,75,248.7561638787201
loop,77,251.15421691346518
loop,79,253.55226994821024
loop,94,107.51107329043036
loop,96,122.44145357572157
loop,102,253.7577662961951
loop,104,258.5544680072735
loop,106,258.7945115673833
loop,108,263.5912132784617
loop,112,263.7282108437849
loop,114,263.8312568385715
loop,116,265.20182813339215
loop,118,268.62795854964963
loop,120,270.3410237577783
loop,122,273.7671541740357
loop,124,277.193284590293
loop,126,286.3628196823799
loop,128,0.0
loop,129,28.892828049709436
loop,131,27.754955346487797
loop,133,0.0
loop,135,28.076146200272728
loop,137,29.096181967169
loop,139,0.0
loop,141,239.59633626486837
loop,143,240.2708132293716
loop,149,264.53496593928145
loop,151,265.31615009813913
loop,153,265.4059054613518
loop,155,265.95953744344683
loop,157,265.74008508860993
loop,160,268.5557402820311
loop,162,270.8118903576484
loop,165,268.5097558443997
loop,168,276.78729887687194
loop,170,292.13651842584926
loop,172,293.3480077631484
loop,174,310.71822017921806
loop,176,315.5641775284145
loop,179,317.9343736955827
loop,181,321.7301927379115
loop,183,328.20609048168154
loop,185,316.7606151261952
loop,187,314.5492835128907
loop,189,314.3457036188111
loop,191,314.12238688121613
loop,195,314.21797787208084
loop,197,316.523766496133
loop,199,330.9044092526396
loop,201,331.0737524810689
loop,203,333.7720712520267
loop,205,333.97446198648095
loop,207,339.8803411788118
loop,210,314.0636065815915
loop,213,314.06731732328785
loop,219,0.0
loop,220,79.19945823787417
loop,224,87.51966242829798
loop,226,285.718235259597
loop,229,396.5092508572198
loop,231,410.93165274931107
loop,233,771.6873627691562
loop,235,316.70221846273176
loop,237,316.6161678948197
loop,239,316.5436117033453
loop,242,316.45754722715657
loop,244,316.3991625424726
loop,246,316.3302409096388
loop,249,320.4162967887826
loop,251,323.4499152420161
loop,253,328.60476999840535
loop,255,782.2943416687305
loop,257,786.5371332285602
loop,259,1480.7502363932626
loop,261,1608.02679940127
loop,265,271.16612585656486
loop,267,272.6087755808599
loop,269,273.30321060062874
loop,271,273.833085684022
loop,273,272.80506901859434
loop,276,278.4306750348997
loop,278,283.7624029330034
loop,281,279.79019862278403
loop,284,286.35679462136966
loop,295,288.81936231286033
loop,298,288.7908946444207
loop,300,290.5731882950493
loop,303,296.24490757495465
loop,305,296.58143392219876
loop,307,296.73792127562643
loop,310,304.80909047677034
loop,312,303.20188360794157
loop,315,305.4185702788919
loop,317,381.0956457089856
loop,319,1635.698537638367
loop,321,1647.452151385838
loop,324,331.21609769910884
loop,325,348.50044186458655
loop,327,373.9182983122485
loop,328,458.0568786540249
loop,330,444.702738141411
loop,332,444.83244887221
loop,334,386.9440930804945
loop,340,374.4516336069866
loop,344,372.279396856543
loop,346,369.1812887042709
loop,348,368.96814993071877
loop,350,368.8167106872813
loop,352,368.75467734546174
loop,354,368.61937233442575
loop,356,368.3877626465381
loop,358,368.21440310114826
loop,360,368.2089943835518
loop,362,368.2021016519814
loop,364,368.29123984818426
loop,366,368.45141220384176
loop,368,371.7461726663814
loop,372,371.9724969008271
loop,375,367.2864646424679
loop,376,367.3471079842859
loop,378,367.6898800775636
loop,382,370.06482145314317
loop,389,373.51940471955834
loop,391,438.5645506267175
loop,399,371.75889855986816
loop,401,369.9931904802482
loop,403,368.4556767741965
loop,408,372.6032560766205
loop,410,372.557992916521
loop,412,358.37268216202983
loop,413,368.47525360882355
loop,417,369.7589481211743
loop,420,369.05583450540615
loop,423,372.0258826978205
loop,425,368.3554500003002
loop,427,367.86461909036296
loop,430,366.78144493463674
loop,432,469.0691081546518
loop,434,471.8513956846553
loop,436,495.5444107053435
loop,438,492.7984852137847
loop,440,490.9737168360076
loop,442,491.3000493335583
loop,444,497.60332314188685
loop,446,499.47020400486775
loop,448,500.02876540796893
loop,450,500.96304075934444
loop,452,501.4581482511815
loop,454,371.9827465186468
loop,456,357.54186891689454
loop,458,347.6283608710385
loop,460,335.2833294950399
loop,462,335.7115823251063
loop,465,393.5992161949339
loop,467,406.9893027566953
loop,469,409.6950236964167
loop,471,409.7007784867711
loop,473,411.29984344098744
loop,476,488.890148321759
loop,478,390.50216651683456
loop,480,401.65626275436796
loop,483,430.81983404569553
loop,485,411.3444593437089
loop,487,395.992928556808
loop,489,389.969839922713
loop,491,385.4175822307401
loop,493,377.1381956866042
loop,495,387.3102351234613
loop,497,385.3952742809233
loop,499,385.40032340536743
loop,502,385.2846961791712
loop,504,384.7239191340803
loop,506,384.30257026140276
loop,508,383.1120681738739
loop,510,383.524627693217
loop,513,361.6749956859176
loop,514,365.97889571027787
loop,518,372.1041484303441
loop,520,370.80123239248553
loop,522,369.74745920779566
loop,524,368.932427188378
loop,526,369.3600803001139
loop,528,369.2349290288535
loop,531,361.7168577160389
loop,532,367.5544709880631
loop,535,386.3962984165426
loop,537,389.52144212982876
loop,540,429.11216421987945
loop,542,428.7210150639463
loop,544,427.7635061568722
loop,546,426.32727369760073
loop,548,420.6737500228828
loop,550,390.3835771735388
loop,552,389.90485362134143
loop,554,389.4261300691441
loop,556,388.94740651694684
loop,558,388.46868296474963
loop,560,386.07494159840553
loop,562,385.5962180462084
loop,566,383.2024766798647
loop,570,380.80873531352125
loop,572,380.3300117613243
loop,574,379.8512882091273
loop,576,377.45754684278455
loop,578,376.9788232905877
loop,584,373.27479687498754
loop,586,361.73142893622935
loop,588,361.7554714495437
loop,590,361.76365970159765
loop,592,361.77209295646895
loop,594,368.0691851331726
loop,596,369.5115739646924
loop,598,370.42185639067293
loop,600,370.97949603219047
loop,603,369.9580652445628
loop,605,370.07730395645103
loop,607,370.42594256437184
loop,609,370.426034710953
loop,611,370.42824622890095
loop,614,376.3513627652414
loop,617,370.8338994628357
loop,619,371.0648808556264
loop,623,371.02425986849016
loop,626,373.90091150292903
loop,628,374.9243168297463
loop,630,376.1532631033627
loop,634,371.3825347619311
loop,636,371.32734448658084
loop,639,351.4044217927901
loop,641,352.09212590026027
loop,643,353.21021943801804
loop,645,363.50886626398295
loop,647,354.46194748777145
loop,649,354.0996193502197
loop,651,350.38213265893864
loop,653,349.51496064973145
loop,656,354.0819728318681
loop,658,354.01592487961835
loop,660,353.9013356612574
loop,662,353.84404105207693
loop,664,353.78674644289646
loop,667,353.3873358193699
loop,669,357.93531592696763
loop,674,363.345917152201
loop,676,358.70665218010674
loop,678,355.801495609115
loop,680,352.3439796506306
loop,687,775.2869431999758
loop,688,1107.7856020944669
loop,690,1804.2713607329642
loop,699,368.40187525525323
loop,701,368.4368829058406
loop,704,368.4467220034297
loop,706,368.4492877479337
loop,709,368.44232576714035
loop,711,368.44677942420714
loop,716,472.6427140668445
loop,718,471.417398272172
loop,720,459.1990504332501
loop,722,450.290274290813
loop,724,357.5759599864479
loop,726,358.32710819992667
loop,729,285.1446937743059
loop,731,512.2182372295596
loop,733,503.56753184934075
loop,735,489.0835207075012
loop,737,465.5726865602163
loop,739,464.53060725084697
loop,741,464.23247595174263
loop,743,462.0089133459226
loop,745,262.0094856815937
loop,747,0.0
loop,751,340.00850295887415
loop,753,348.2220301405812
loop,755,350.3704082468284
loop,757,364.10225125645917
loop,758,541.443220978736
loop,760,634.1310528384034
loop,762,654.2797707388901
loop,764,722.3982717060447
loop,766,721.9739540756223
loop,770,721.3214002160572
loop,778,739.6620868898517
loop,780,704.0372305797276
loop,782,668.4123742696034
loop,784,632.7875179594793
loop,786,719.1229760593974
loop,789,626.6723329484828
loop,791,494.0089384957942
loop,815,358.63158453668467
loop,818,355.36041158781853
loop,820,356.4379699320918
loop,822,356.59701241329856
loop,825,355.8071857607476
loop,827,356.2580739089941
loop,830,1675.9161744547932
loop,832,1683.1788308891041
loop,834,0.0
loop,835,165.06206669054822
loop,837,197.74458851109037
loop,839,210.66533961581453
loop,841,265.7212733329163
loop,893,388.7969379279574
loop,894,387.8958093317799
loop,896,387.2937787377379
loop,898,386.9927634407169
loop,900,373.4643307287408
loop,902,370.4580123483016
loop,904,343.4030642192342
loop,906,342.80103362519213
loop,908,327.76944172299574
loop,910,324.7631233425564
loop,912,321.7568049621171
loop,914,318.7504865816777
loop,916,312.7378498207989
loop,918,1656.9525394449875
loop,920,1663.7317453662367
loop,922,1669.9166531733656
loop,924,1671.752594541029
loop,926,1675.0034081148592
loop,928,287.0671239201217
loop,930,286.35742535076054
loop,932,282.67658331129013
loop,934,292.4783304878847
loop,936,657.8636714451734
loop,939,0.0
loop,941,8.484895702250938
loop,943,169.68064726499728
loop,945,178.16554296724814
loop,947,296.94026937474274
loop,949,297.1232972429639
loop,951,309.2480301736119
loop,953,312.2975070788432
loop,955,385.8028169986729
loop,957,385.1863630077172
loop,959,384.15932960343054
loop,961,384.1954521031585
loop,963,450.62217435838073
loop,994,337.0483939730336
loop,996,368.5289998033906
loop,998,370.7317369770607
loop,1000,578.4663067928598
loop,1002,583.432164374206
loop,1004,592.6871090158294
loop,1006,601.5404514317933
loop,1010,609.3040976831269
loop,1012,596.9345406403595
loop,1014,594.1909133689277
loop,1018,720.7901867685017
loop,1019,712.8025703637846
loop,1022,270.4091103594684
loop,1023,369.16681389063007
loop,1026,339.73861837404013
loop,1028,1716.4134185782368
loop,1030,332.0515652400683
loop,1033,452.201249503783
loop,1034,327.32464319046244
loop,1037,326.4658441820623
loop,1040,320.97995315660245
loop,1042,320.0091248843892
loop,1044,315.3503291887485
loop,1046,720.8840193432836
loop,1049,723.1873771676148
loop,1051,724.823608962934
loop,1053,725.4993781814873
loop,1055,445.8931928990184
loop,1057,445.52739973711647
loop,1059,445.0190092409138
loop,1061,445.0561600839753
loop,1063,445.0209642480692
loop,1065,444.9819406164502
loop,1068,725.6132223745497
loop,1070,725.6516639558481
loop,1072,725.716944001906
loop,1074,726.0125723910338
loop,1076,726.4458398054512
loop,1078,728.4389375833703
loop,1080,313.04899743393077
loop,1082,311.4707595925206
loop,1084,308.074990903653
loop,1086,306.15060020235006
loop,1088,304.8207886878284
loop,1103,726.0368473872575
loop,1105,726.2212092213633
loop,1107,313.8456007280405
loop,1109,314.081684654029
loop,1111,314.23443084685596
loop,1113,314.33056042067807
loop,1115,445.52025978396324
loop,1118,314.4541760978982
loop,1120,314.1790841516316
loop,1122,314.1926062167616
loop,1125,314.49771793079805
loop,1127,314.52345455321836
loop,1129,314.30759703157986
loop,1131,314.282856999331
loop,1133,314.2611221122423
loop,1135,314.2305765730082
loop,1138,1677.1591134541636
loop,1140,1677.870449215514
loop,1142,328.99598772092924
loop,1144,329.006310589707
loop,1146,329.0195012866195
loop,1148,320.9077710399266
loop,1150,320.8792859662663
loop,1152,320.8746369500949
loop,1154,320.86154353449353
loop,1157,329.4935639300782
loop,1160,315.33184758605165
loop,1163,314.6900568173754
loop,1166,314.6470611761144
loop,1168,314.91693037230505
loop,1170,315.2876138198036
loop,1176,313.53875306696597
loop,1182,502.28396295949744
loop,1184,500.01691137844966
loop,1186,492.7697360099315
loop,1189,443.86925295261784
loop,1193,442.6907940433137
loop,1196,441.81437774112953
loop,1198,441.232447275417
loop,1200,441.4858094035681
loop,1203,444.465083835409
loop,1206,1688.3226461406532
loop,1237,488.33900702778993
loop,1241,476.18222884232154
loop,1245,1851.602520069775
loop,1261,716.5449219006232
loop,1263,712.3930013432982
loop,1265,709.0983563113379
loop,1267,706.3980467904473
loop,1269,703.8673530725582
loop,1271,700.7521710945475
loop,1273,700.0368442817094
loop,1275,699.2696994576604
loop,1277,697.9883615953838
loop,1279,461.98406907099724
loop,1281,459.7480843277144
loop,1283,459.72324005278904
loop,1285,454.71159770534433
loop,1287,454.31684978153015
loop,1289,453.0456510478488
loop,1292,447.11409421838056
loop,1294,444.94492787498746
loop,1296,442.468921778772
loop,1298,441.77706722425614
loop,1300,441.3409219047357
loop,1302,1714.2406126293838
loop,1304,1708.0790716351005
loop,1306,1705.0239945961212
loop,1308,1701.3188534009264
loop,1310,1700.6218698374926
loop,1312,1694.766822575244
loop,1314,463.10381108288834
loop,1316,441.17778733437274
loop,1319,351.0071967039765
loop,1321,366.56780119946717
loop,1323,387.68621183570576
loop,1327,313.4654236440325
loop,1329,315.0911094380184
loop,1331,321.9155068995441
loop,1333,343.55463576798974
loop,1335,355.6705911178427
loop,1337,362.3726875495918
loop,1340,437.84346309945386
loop,1342,436.36046908815183
loop,1344,430.904804499643
loop,1346,435.1332850664749
loop,1348,433.686734947874
loop,1350,433.00427330117657
loop,1352,432.2145745327634
loop,1354,0.0
loop,1355,241.19355166612206
loop,1357,296.7740935477434
loop,1359,315.2938369891273
loop,1361,348.63576865085975
loop,1364,656.1405556471283
loop,1366,655.8488604344508
loop,1368,657.6147606032375
loop,1370,660.0428733353192
loop,1372,662.7463902444988
loop,1374,664.042949781616
loop,1377,664.9960405348268
loop,1379,445.81394924560766
loop,1380,447.68138327343746
loop,1382,448.5079702977221
loop,1384,449.79010466847444
loop,1388,384.35210058475076
loop,1390,440.2940615959444
loop,1392,440.26867445949165
loop,1394,440.2477171598378
loop,1396,440.235773127423
loop,1398,440.2293011916812
loop,1400,440.2036041296632
loop,1413,363.226124946829
loop,1415,370.22334695790977
loop,1417,373.1638870059737
loop,1419,384.2315746028865
loop,1423,384.3417055771386
loop,1428,776.2933595113612
loop,1430,750.9449923061262
loop,1432,736.847371702528
loop,1434,656.9359914204032
loop,1436,617.713775367182
loop,1438,504.0750188085462
loop,1440,417.2142823382264
loop,1442,402.84855509685883
loop,1444,402.87044860178844
loop,1448,424.0788627934884
loop,1451,431.44405950705436
loop,1454,314.0660534691149
loop,1456,309.310932724479
loop,1458,296.71258070262644
loop,1469,1844.1582939853752
loop,1471,1836.898667773005
loop,1477,1833.836186379649
loop,1481,1832.6813529985293
loop,1483,1832.3466925764099
loop,1485,306.5658511298556
loop,1487,306.8218324752548
loop,1490,294.0179924303521
loop,1492,294.0189661776221
loop,1510,468.9152100003398
loop,1512,475.00532465135575
loop,1520,293.1143827049703
loop,1532,1846.6990379781937
loop,1540,1690.3483272854362
loop,1543,1837.8002953296425
loop,1550,1690.3162728274804
loop,1555,1677.4821779040665
loop,1557,1676.506490931441
loop,1572,1677.4829970895212
loop,1579,1824.9657468947835
loop,1581,1690.8904647561035
loop,1585,1834.0859270656815
loop,1588,1821.8658805414082
loop,1590,1691.0128434269268
loop,1596,1685.6510904276652
loop,1598,1684.8788462294715
loop,1601,1659.7583957059765
loop,1603,1659.6116113897742
loop,1607,1672.3511314579591
loop,1612,1673.7513225662417
loop,1618,1673.747032486447
loop,1623,294.96684182991424
loop,1625,293.73870144533794
loop,1628,294.96944676676054
loop,1630,293.8402901377301
loop,1634,1819.5943880224931
loop,1636,1826.4992019271588
loop,1648,1677.1958153768906
loop,1651,1676.4907450126586
loop,1653,1673.5206737495064
loop,1656,1676.4915538021842
loop,1658,1673.6563638579462
loop,1699,702.4253909326243
loop,1701,663.7745650030512
loop,1703,660.9440705605602
loop,1705,660.9447451969301
loop,1707,663.7655046363634
loop,1709,700.6328413872357
loop,1713,660.644379701948
loop,1715,660.6738640222022
loop,1719,660.7142061285455
loop,1722,660.7145923086523
loop,1726,699.6486571208872
loop,1728,667.330015200003
loop,1732,694.8200955922019
loop,1734,668.8635875867191
loop,1736,664.197873197127
loop,1748,663.8199620199737
loop,1751,663.8765189108746
loop,1757,817.2342506609036
loop,1759,768.6243709912633
loop,1761,804.687427539117
loop,1763,668.5780160717621
loop,1765,659.4871136168557
loop,1767,658.5524421752655
loop,1769,658.7657531705609
loop,1772,759.0918269829592
loop,1774,668.3064151871309
loop,1776,659.4876283124253
loop,1780,658.6288422637967
loop,1783,658.7663197397363
loop,1788,711.4608962903814
loop,1790,661.8483645205328
loop,1792,657.3355637090998
loop,1794,656.9002565258628
loop,1799,706.5785721714008
loop,1801,661.8833733629999
loop,1804,656.9689372188335
loop,1807,657.334983205305
loop,1810,656.8601076146437
loop,1813,656.9685784948562
loop,1821,697.7257005114178
loop,1823,694.2748252633094
loop,1825,671.3314873233188
loop,1827,667.0687505913271
loop,1829,666.0948770888097
loop,1831,666.1748866707555
loop,1834,689.6868624596679
loop,1836,672.374560331806
loop,1839,667.0851289467975
loop,1842,666.150723568879
loop,1845,666.1787471735003
loop,1855,268.0907292997784
loop,1932,491.36608576455086
loop,1934,491.4772810456236
loop,1936,491.58469219409443
loop,1940,491.58657231037915
loop,1943,491.7307888569894
loop,1946,492.08651207336106
loop,1949,491.4736934400934
loop,1960,367.63860450674974
loop,1962,365.20318281708893
loop,1964,364.6794683545514
loop,1966,393.4145637762597
loop,1968,393.4856901516598
loop,1971,366.12795949003726
loop,1974,364.61227761647666
loop,1978,366.06941510603525
loop,1995,28.960294749596898
loop,1997,28.9792984302438
loop,1999,29.02396434694592
loop,2001,29.02681671583843
loop,2003,29.028715267107646
loop,2038,274.36432020227363
loop,2040,274.58927939093707
loop,2042,275.9390345229175
loop,2044,282.3961804889118
loop,2051,352.5546796651957
loop,2054,357.1223059238887
loop,2056,357.3374424606039
loop,2060,391.7281687938757
loop,2068,392.18594847483126
loop,2094,395.35973774955687
loop,2098,453.4479675251495
loop,2111,455.7257930238269
loop,2115,441.32616076171246
loop,2141,445.2382347027387
loop,2143,445.66279233839225
loop,2147,445.738296757561
loop,2149,444.79179369451424
loop,2151,444.31431962204414
loop,2153,443.54993287822424
loop,2155,442.78126385572745
loop,2157,440.96843254918895
loop,2159,440.17621099396933
loop,2162,445.46156510416745
loop,2165,446.9807025943281
loop,2205,449.10310274371426
loop,2218,1699.9398344903798
loop,2220,448.90297907481846
loop,2222,448.5750326663552
loop,2227,448.56596517173995
loop,2233,448.5622090513441
loop,2236,452.11188279424533
loop,2238,450.4845070156424
loop,2240,449.2141362804088
loop,2242,449.6059554288538
loop,2244,448.5866499337524
loop,2250,448.5685120960822
loop,2253,448.57428902723177
loop,2257,448.5856379863979
loop,2261,448.5619878442775
loop,2266,1705.2893885337667
loop,2274,1694.4635001011961
loop,2276,1693.7746500003627
loop,2278,459.8764691604539
loop,2280,461.67809589691814
loop,2283,1692.6763154449807
loop,2286,449.2217767739127
loop,2288,323.04271315942196
loop,2291,448.2508090170586
loop,2293,448.2708985764953
loop,2296,1702.574544774627
loop,2299,1704.2610087799046
loop,2305,448.22013968590096
loop,2310,445.59232398494044
loop,2313,445.3648607679481
loop,2316,443.7722205171777
loop,2318,443.4932627425774
loop,2321,1697.874092862272
loop,2323,1697.5058688495553
loop,2326,441.1774838515763
loop,2328,441.1921868531845
loop,2332,441.2654785332403
loop,2340,441.2485892540774
loop,2353,440.5685812547632
loop,2361,440.88533801341396
loop,2363,440.55992083752574
loop,2367,440.5685445129514
loop,2371,440.8887391667004
loop,2373,440.5603092271161
loop,2403,442.525434437645
loop,2408,441.2479094964359
loop,2410,440.5708490163197
loop,2413,441.2109121482189
loop,2417,440.5697552080442
loop,2523,655.9942781741603
loop,2535,459.68183292791343
loop,2549,441.51626810160195
loop,2551,441.19893845976236
loop,2555,440.54937682866785
loop,2558,449.86512630360477
loop,2560,445.5807512002782
loop,2563,725.8706767097266
loop,2565,440.68742592662784
loop,2567,440.73866230966945
loop,2569,440.8396454321681
loop,2571,440.33191163532126
loop,2574,440.474829880063
loop,2576,440.57721170957456
loop,2579,725.6315924325295
loop,2581,448.83092030401355
loop,2586,372.64703091493953
loop,2591,438.0638406097072
loop,2616,1678.4232141549148
loop,2618,1677.2970611518422
loop,2622,1678.4216726743568
loop,2628,664.1788472694307
loop,2631,663.7795468225387
loop,2635,663.875067182764
loop,2648,449.8576070993314
loop,2651,384.52599229514055
loop,2653,388.7420982952016
loop,2656,440.2839566217257
loop,2658,466.6217087945946
loop,2660,156.54128315883978
loop,2662,171.96216058188628
loop,2664,466.9809723747268
loop,2671,182.77697110900124
loop,2674,396.7294966808195
loop,2676,181.74219846512023
loop,2679,396.7335387603279
loop,2680,171.82393126957672
loop,2684,455.8979885620101
loop,2690,456.87727239489664
loop,2695,456.87608304469467
loop,2703,455.9230504186632
loop,2710,455.92220925430877
loop,2716,388.86424709983476
loop,2718,389.7171384721985
loop,2721,389.71751091054324
loop,2724,388.8880824328538
loop,2727,388.88748183436905
loop,2739,102.7731876469326
loop,2741,49.50210118304755
loop,2752,450.17151727390916
loop,2754,157.19539302038456
loop,2757,441.35567231833244
loop,2759,442.29816863471734
loop,2762,268.05075721254235
loop,2765,48.852943603481044
loop,2767,0.0
loop,2787,440.9071844840839
loop,2789,441.3590756434136
loop,2793,440.3031921763765
loop,2795,440.2969681024911
loop,2801,74.31941964764091
loop,2803,137.05852847635552
loop,2809,0.0
loop,2813,25.43857977462168
loop,2817,134.06172524287567
loop,2821,21.382568146805085
loop,2823,69.42152403132575
loop,2829,111.10590352161003
loop,2831,91.60439943122601
loop,2837,603.7461700127851
loop,2839,587.800287356674
loop,2841,513.0742737030071
loop,2843,523.0777078250875
loop,2845,593.579759601593
loop,2850,441.74566612903953
loop,2852,440.7593146071355
loop,2854,440.290405092019
node,1,0.0
node,2,41.811734008995536
node,6,104.52696286011454
node,14,125.42571337748946
node,30,235.8308946010609
node,33,236.32338501213437
node,35,237.0611316921762
node,39,273.0643564020987
node,41,274.294593493214
node,43,286.2963276875671
node,45,293.6777502342589
node,47,313.5094052258937
node,49,339.8044793295581
node,51,400.2997070929866
node,53,345.1978301190743
node,66,463.8903063155718
node,69,239.54352972529819
node,71,242.76118654242154
node,73,248.41382689682743
node,75,248.75632091197846
node,77,251.15437465980125
node,79,253.552428407624
node,94,107.51114312695422
node,96,122.44153311064977
node,102,253.75792481671465
node,104,258.5546279541257
node,106,258.79467158561414
node,108,263.5913747230252
node,112,263.7283723290856
node,114,263.83141835451363
node,116,265.2019900568833
node,118,268.6281214919247
node,120,270.34118720944537
node,122,273.76731864448675
node,124,277.19345007952813
node,126,286.3629932394013
node,128,0.0
node,129,28.892845123374197
node,131,27.754971747863873
node,133,0.0
node,135,28.07616279153001
node,137,29.09619916131949
node,139,0.0
node,141,239.59647788132958
node,143,240.2709551821263
node,149,264.53512229645366
node,151,265.3163068473206
node,153,265.40606217667596
node,155,265.95969438643823
node,157,265.74024196553626
node,160,268.55589814764295
node,162,270.81204906968094
node,165,268.5099137343096
node,168,276.78745882086207
node,170,292.13667794281207
node,172,293.34816724640666
node,174,310.7183791792237
node,176,315.56433639360193
node,179,317.9345335357025
node,181,321.7303463180628
node,183,328.20623338194673
node,185,316.7607769020479
node,187,314.54943823102116
node,189,314.3458585015084
node,191,314.122541944435
node,195,314.21813301245993
node,197,316.52392900469613
node,199,330.9045477029061
node,201,331.0738906520588
node,203,333.77220497301823
node,205,333.9745953736948
node,207,339.88045437587004
node,210,314.06376169232635
node,213,314.067472431023
node,219,0.0
node,220,79.19948461523258
node,224,87.51969157669818
node,226,285.71833041797987
node,229,396.5093700806557
node,231,410.931773507561
node,233,771.687521918581
node,235,316.70238041923926
node,237,316.61633011753156
node,239,316.5437741505156
node,242,316.4577094842978
node,244,316.3993245779384
node,246,316.33040268342234
node,249,320.4164566363853
node,251,323.4500757038398
node,253,328.60493150393967
node,255,782.2945019469369
node,257,786.5372939582793
node,259,1480.7503585647073
node,261,1608.0269241369801
node,265,271.16628740635747
node,267,272.6089381824522
node,269,273.3033737706683
node,271,273.8332492878517
node,273,272.8052318306669
node,276,278.4308423133883
node,278,283.76257441599915
node,281,279.7903669425439
node,284,286.35696816110584
node,295,288.81953800082556
node,298,288.79107029111344
node,300,290.5733655656309
node,303,296.245089109457
node,305,296.58161569061394
node,307,296.7381032428784
node,310,304.8092807180108
node,312,303.20207238481873
node,315,305.41876123346134
node,317,381.09592523523514
node,319,1635.6986629315852
node,321,1647.4522794734912
node,324,331.216325291521
node,325,348.5006862588824
node,327,373.9185584683194
node,328,458.0571635582439
node,330,444.70301777048917
node,332,444.8327292507614
node,334,386.94435413745305
node,340,374.45188747615725
node,344,372.2796511727671
node,346,369.1815436580959
node,348,368.9684043540785
node,350,368.8169647337351
node,352,368.75493123752534
node,354,368.61962588973876
node,356,368.38801562541494
node,358,368.21465564856334
node,360,368.20924697705374
node,362,368.2023543042154
node,364,368.291492470928
node,366,368.4516647735945
node,368,371.7464239897885
node,372,371.97274822791906
node,375,367.28671834421397
node,376,367.34736200640566
node,378,367.690133550488
node,382,370.06507307015954
node,389,373.519655871453
node,391,438.564824978917
node,399,371.7591658592383
node,401,369.99345615583127
node,403,368.45592812154695
node,408,372.6035144006302
node,410,372.55825064954064
node,412,358.37293715111923
node,413,368.4755178884759
node,417,369.7592135813425
node,420,369.0560993189745
node,423,372.0261396535637
node,425,368.3557046546572
node,427,367.86487343696564
node,430,366.7817013314922
node,432,469.0695000470165
node,434,471.85178992118205
node,436,495.5447242847099
node,438,492.7987954732033
node,440,490.9740248891989
node,442,491.30035679686114
node,444,497.6036401856229
node,446,499.47052418985703
node,448,500.0290865328054
node,450,500.9633634562124
node,452,501.4584717811278
node,454,371.9830144577016
node,456,357.542123807632
node,458,347.6286068042457
node,460,335.28356163260617
node,462,335.7118149412475
node,465,393.5995103552354
node,467,406.9896125886182
node,469,409.6953366950879
node,471,409.7010914821192
node,473,411.3001581082431
node,476,488.8905361335719
node,478,390.5024564661405
node,480,401.65656596026935
node,483,430.82017639768776
node,485,411.3447740784426
node,487,395.99322685195904
node,489,389.97013176788414
node,491,385.417869171449
node,493,377.13847333370353
node,495,387.31052411135266
node,497,385.3955611863493
node,499,385.4006103187793
node,502,385.28498306178324
node,504,384.7242054338389
node,506,384.30285612322496
node,508,383.11235279832675
node,510,383.52491272982587
node,513,361.6752584530526
node,514,365.9791628656852
node,518,372.10442114284245
node,520,370.80150385125114
node,522,369.7477296525664
node,524,368.9326968489618
node,526,369.36035037229175
node,528,369.2351989805798
node,531,361.717120433422
node,532,367.5547393227052
node,535,386.39658733556223
node,537,389.5217348593677
node,540,429.11250469775445
node,542,428.72135511254663
node,544,427.7638451546346
node,546,426.32761111914004
node,548,420.6740812398451
node,550,390.38387514791896
node,552,389.9051510703364
node,554,389.4264269927539
node,556,388.9477029151713
node,558,388.46897883758874
node,560,386.0752348441822
node,562,385.59651076659964
node,566,383.2027667731931
node,570,380.8090227797865
node,572,380.330298702204
node,574,379.85157462462143
node,576,377.45783063121485
node,578,376.97910655363233
node,584,373.2750757606062
node,586,361.73169173146607
node,588,361.7557343732388
node,590,361.7639226690423
node,592,361.77235596897225
node,594,368.06945688389123
node,596,369.51184771695466
node,598,370.4221314065242
node,600,370.9797718151045
node,603,369.95833961614693
node,605,370.07757849342954
node,607,370.42621758494215
node,609,370.42630973166433
node,611,370.42852125299663
node,614,376.3516396646321
node,617,370.83417505454605
node,619,371.0651567491962
node,623,371.02453570941657
node,626,373.9011911942548
node,628,374.9245978380273
node,630,376.15354546037804
node,634,371.38281116560995
node,636,371.32762080857924
node,639,351.4046687891443
node,641,352.09237351281917
node,643,353.2104680524242
node,645,363.50912120063583
node,647,354.4621965308698
node,649,354.0998681107733
node,651,350.3823785205835
node,653,349.5152058351526
node,656,354.0822217384618
node,658,354.01617376407467
node,660,353.90158450730655
node,662,353.84428987892255
node,664,353.7869952505385
node,667,353.3875846957378
node,669,357.9355714122412
node,674,363.34617647750844
node,676,358.70690778700293
node,678,355.80175056685044
node,680,352.3442342048813
node,687,775.2871553968995
node,688,1107.7858275072863
node,690,1804.2714969063295
node,699,368.4021270029779
node,701,368.43713439305077
node,704,368.44697341743165
node,706,368.44953914283917
node,709,368.44257721383997
node,711,368.44703083775875
node,716,472.6430113618023
node,718,471.41769484800744
node,720,459.1993398382919
node,722,450.29055971278484
node,724,357.57621469815405
node,726,358.3273631199977
node,729,285.144867367663
node,731,512.2185136520432
node,733,503.5678035937038
node,735,489.0837846192136
node,737,465.5729377577606
node,739,464.53085915921577
node,741,464.23272806347313
node,743,462.0091669743927
node,745,262.0096657192528
node,747,0.0
node,751,340.0086667733384
node,753,348.22219561805
node,755,350.3705741592824
node,757,364.10244004787523
node,758,541.4433924933841
node,760,634.1312263443868
node,762,654.2799446777555
node,764,722.3985072178833
node,766,721.9741890713783
node,770,721.3216344181351
node,778,739.6622976707865
node,780,704.0374399446737
node,782,668.4125822185608
node,784,632.787724492448
node,786,719.1231470347527
node,789,626.6725390661867
node,791,494.0091428457838
node,815,358.6318403188455
node,818,355.36066343783654
node,820,356.4382241992624
node,822,356.59726692016415
node,825,355.80743789410593
node,827,356.25832632830173
node,830,1675.9163093098002
node,832,1683.1789674890063
node,834,0.0
node,835,165.06216717875208
node,837,197.7447088961003
node,839,210.66546786685393
node,841,265.72143510148095
node,893,388.7971116241825
node,894,387.8959831383101
node,896,387.29395261796134
node,898,386.99293735778696
node,900,373.4645063017965
node,902,370.4581882893542
node,904,343.4032434720241
node,906,342.80121295167527
node,908,327.7696228894637
node,910,324.76330487702137
node,912,321.75698686457906
node,914,318.7506688521367
node,916,312.7380328272521
node,918,1656.952661016946
node,920,1663.7318653028194
node,922,1669.9167716179375
node,924,1671.7527122150038
node,926,1675.0035244243745
node,928,287.0673169422545
node,930,286.3576173487347
node,932,282.67676999747965
node,934,292.4785271373135
node,936,657.8638485046536
node,939,0.0
node,941,8.48490170712181
node,943,169.68076735019545
node,945,178.16566905731727
node,947,296.94047952323
node,949,297.12350752098234
node,951,309.2482490324617
node,953,312.29772799979327
node,955,385.80308984804765
node,957,385.1866354068737
node,959,384.159601252508
node,961,384.19572378160217
node,963,450.6224601000331
node,994,337.0486215178407
node,996,368.5292270912422
node,998,370.73196424693276
node,1000,578.4665431277656
node,1002,583.4324006685788
node,1004,592.6873452346603
node,1006,601.540687578287
node,1010,609.304333766187
node,1012,596.9347768245597
node,1014,594.1911495754975
node,1018,720.7904219415784
node,1019,712.8028056020587
node,1022,270.409253814361
node,1023,369.1670010304657
node,1026,339.7388293157051
node,1028,1716.4135498731669
node,1030,332.05178015193883
node,1033,452.20150998200944
node,1034,327.3248602542313
node,1037,326.46606169177886
node,1040,320.98017371077805
node,1042,320.00934590623615
node,1044,315.3505524361426
node,1046,720.8842543448449
node,1049,723.1876117047143
node,1051,724.8238436060731
node,1053,725.4996120337298
node,1055,445.8934594542142
node,1057,445.5276661982999
node,1059,445.01927557143597
node,1061,445.05642663974606
node,1063,445.0212307504052
node,1065,444.98220705954003
node,1068,725.6134560935529
node,1070,725.6518974688971
node,1072,725.7171783238946
node,1074,726.0128103764007
node,1076,726.4460754976832
node,1078,728.4391627268237
node,1080,313.049191389171
node,1082,311.4709528408844
node,1084,308.07518263108716
node,1086,306.15079106786965
node,1088,304.82097895773927
node,1103,726.0370848673494
node,1105,726.2214464679328
node,1107,313.8458235346347
node,1109,314.08190821294517
node,1111,314.2346547844179
node,1113,314.33078459653757
node,1115,445.52052659953245
node,1118,314.4544002424346
node,1120,314.17930811012627
node,1122,314.19283026363837
node,1125,314.4979419437439
node,1127,314.523678488384
node,1129,314.3078211438686
node,1131,314.2830811169433
node,1133,314.2613462345316
node,1135,314.23080063431115
node,1138,1677.1592485985063
node,1140,1677.8705845254442
node,1142,328.9962150985245
node,1144,329.00653797147146
node,1146,329.01972867371137
node,1148,320.9079966722972
node,1150,320.8795115901738
node,1152,320.8748625726212
node,1154,320.8617691531297
node,1157,329.49379140209726
node,1160,315.3320718100066
node,1163,314.69028045757153
node,1166,314.6472855306145
node,1168,314.9171547070235
node,1170,315.28783812735054
node,1176,313.5389754698096
node,1182,502.28436344665215
node,1184,500.0173097201623
node,1186,492.77012749322273
node,1189,443.8695195508546
node,1193,442.6910623209762
node,1196,441.81464428284636
node,1198,441.23271448172784
node,1200,441.48607677677455
node,1203,444.4653487823775
node,1206,1688.3227840734899
node,1237,488.33921121626906
node,1241,476.18243270585117
node,1245,1851.6026464887339
node,1261,716.5450931287205
node,1263,712.3931730084701
node,1265,709.0985259704971
node,1267,706.3982167647343
node,1269,703.8675233538659
node,1271,700.7523417738416
node,1273,700.0370150552278
node,1275,699.2698703311858
node,1277,697.988532646151
node,1279,461.98432271641417
node,1281,459.7483394983445
node,1283,459.72349524036593
node,1285,454.71185631147017
node,1287,454.3171086569221
node,1289,453.04591079035276
node,1292,447.11435757772364
node,1294,444.9451925966522
node,1296,442.4691882058207
node,1298,441.77733447077657
node,1300,441.3411894314768
node,1302,1714.2407451672304
node,1304,1708.0792078321917
node,1306,1705.0241327247868
node,1308,1701.3189938626738
node,1310,1700.622010738122
node,1312,1694.7669619924786
node,1314,463.1041055903511
node,1316,441.178054919805
node,1319,351.007362745362
node,1321,366.567970391431
node,1323,387.68638530354536
node,1327,313.4656172280247
node,1329,315.0913015272239
node,1331,321.91569850739904
node,1333,343.5548258495553
node,1335,355.6707803448244
node,1337,362.3728763038494
node,1340,437.84362500818077
node,1342,436.3606315246486
node,1344,430.9049688781073
node,1346,435.1334479404887
node,1348,433.6868983365559
node,1350,433.0044369326714
node,1352,432.214738445225
node,1354,0.0
node,1355,241.1937259186925
node,1357,296.77430795500356
node,1359,315.2940647761517
node,1361,348.6360205260783
node,1364,656.1407296894163
node,1366,655.849033316577
node,1368,657.6149339737885
node,1370,660.0430473774545
node,1372,662.7465652803107
node,1374,664.043125552578
node,1377,664.996216173279
node,1379,445.81423301094713
node,1380,447.6816704191564
node,1382,448.5082593927279
node,1384,449.7903941150327
node,1388,384.3523724056678
node,1390,440.29433203465675
node,1392,440.2689448420306
node,1394,440.247987496005
node,1396,440.2360433768849
node,1398,440.229571500557
node,1400,440.2038746744439
node,1413,363.22638186003746
node,1415,370.22360879679263
node,1417,373.16415091484123
node,1419,384.23184631069626
node,1423,384.3419773674677
node,1428,776.293520619269
node,1430,750.945154310723
node,1432,736.847534205823
node,1434,656.9361567505345
node,1436,617.7139420847852
node,1438,504.07518954608076
node,1440,417.2144561484297
node,1442,402.84872940421303
node,1444,402.8706229571482
node,1448,424.07902960117605
node,1451,431.44422369365736
node,1454,314.0662449786124
node,1456,309.3111215447757
node,1458,296.7127623980782
node,1469,1844.1584201896983
node,1471,1836.8987937203037
node,1477,1833.836312230685
node,1481,1832.6814788216152
node,1483,1832.3468183961518
node,1485,306.56604832682604
node,1487,306.8220296808071
node,1490,294.01818913964354
node,1492,294.0191628869524
node,1510,468.9154135782479
node,1512,475.00552832689027
node,1520,293.11457937911536
node,1532,1846.6989890169286
node,1540,1690.3484189038281
node,1543,1837.8003867703214
node,1550,1690.3162230304365
node,1555,1677.4822950969428
node,1557,1676.5066072439563
node,1572,1677.483114303235
node,1579,1824.965872310452
node,1581,1690.8905841447124
node,1585,1834.0860529227618
node,1588,1821.8660058516987
node,1590,1691.0129628210857
node,1596,1685.6512126949951
node,1598,1684.878968477841
node,1601,1659.7585173458408
node,1603,1659.611733026089
node,1607,1672.351250012294
node,1612,1673.75144118375
node,1618,1673.7471511037563
node,1623,294.9670385762233
node,1625,293.7388981437433
node,1628,294.96964351316126
node,1630,293.84048684006797
node,1634,1819.594513533422
node,1636,1826.4993276007242
node,1648,1677.1959316907817
node,1651,1676.4908637542972
node,1653,1673.5207923565724
node,1656,1676.4916725438443
node,1658,1673.6564824710965
node,1699,702.4255612558303
node,1701,663.7747387209756
node,1703,660.9442445244907
node,1705,660.9449191608028
node,1707,663.7656783555005
node,1709,700.6330119458289
node,1713,660.6445536918708
node,1715,660.6740380095633
node,1719,660.7143801124114
node,1722,660.7147662924724
node,1726,699.6488279267235
node,1728,667.330189711898
node,1732,694.8202669726837
node,1734,668.8637619245073
node,1736,664.1980480672394
node,1748,663.8201369331991
node,1751,663.8766938176519
node,1757,817.2344284783582
node,1759,768.6245484585664
node,1761,804.6876053048793
node,1763,668.5781932767704
node,1765,659.487290678141
node,1767,658.5526192375761
node,1769,658.7659302337119
node,1772,759.092004411195
node,1774,668.3065922433084
node,1776,659.4878053830828
node,1780,658.6290193265374
node,1783,658.766496803086
node,1788,711.4610677564258
node,1790,661.8485383085964
node,1792,657.3357376984488
node,1794,656.9004305344675
node,1799,706.5787440810094
node,1801,661.8835471515885
node,1804,656.9691112243822
node,1807,657.3351571946881
node,1810,656.8602816250323
node,1813,656.9687525004443
node,1821,697.7258715996021
node,1823,694.274996830457
node,1825,671.3316620808249
node,1827,667.0689259416836
node,1829,666.0950525744888
node,1831,666.1750621453153
node,1834,689.6870346653716
node,1836,672.3747349441832
node,1839,667.0853042948665
node,1842,666.1508990467887
node,1845,666.1789226475245
node,1855,268.0908717291476
node,1932,491.3663931084842
node,1934,491.4775881810757
node,1936,491.5849991281602
node,1940,491.5868792703375
node,1943,491.7310952598776
node,1946,492.08681886440337
node,1949,491.47400059662914
node,1960,367.6388647006621
node,1962,365.20344455410293
node,1964,364.679730088754
node,1966,393.41486229099405
node,1968,393.4859885405846
node,1971,366.128222244545
node,1974,364.61253923792856
node,1978,366.0696777782965
node,1995,28.960311863292883
node,1997,28.979315555215585
node,1999,29.023981498420135
node,2001,29.026833869005088
node,2003,29.028732421400807
node,2038,274.36448021367295
node,2040,274.589439667945
node,2042,275.93919639357716
node,2044,282.3963499835039
node,2051,352.5549276922174
node,2054,357.12256093047154
node,2056,357.3376976718483
node,2060,391.72846419651023
node,2068,392.1862447222595
node,2094,395.36001340969864
node,2098,453.4482500669246
node,2111,455.72608752189956
node,2115,441.32643206326395
node,2141,445.23851742593496
node,2143,445.66307445818586
node,2147,445.7385787700439
node,2149,444.79206830936346
node,2151,444.31459377146615
node,2153,443.5502062825453
node,2155,442.7815365107733
node,2157,440.9687034371421
node,2159,440.1764811096891
node,2162,445.4618475099553
node,2165,446.98098482857637
node,2205,449.10339249575014
node,2218,1699.9399742987275
node,2220,448.9032685833212
node,2222,448.5753208089178
node,2227,448.56625339130983
node,2233,448.5624973317219
node,2236,452.11216765140404
node,2238,450.48479231897267
node,2240,449.21442303521576
node,2242,449.6062442346064
node,2244,448.5869381036761
node,2250,448.5688003442061
node,2253,448.57457728215127
node,2257,448.58592616754856
node,2261,448.56227613747177
node,2266,1705.2895255349217
node,2274,1694.4636394347176
node,2276,1693.774789193448
node,2278,459.87676301608536
node,2280,461.67839011642684
node,2283,1692.6764543978543
node,2286,449.2220657904922
node,2288,323.0429392825213
node,2291,448.2510965321695
node,2293,448.2711860958398
node,2296,1702.5746835823913
node,2299,1704.2611465334292
node,2305,448.2204271775327
node,2310,445.59258816901377
node,2313,445.3651251115384
node,2316,443.7724860081148
node,2318,443.4935283042229
node,2321,1697.874232928404
node,2323,1697.5060085693572
node,2326,441.17775144540775
node,2328,441.1924544459629
node,2332,441.2657461194605
node,2340,441.24885684281605
node,2353,440.56885059275726
node,2361,440.8856064392842
node,2363,440.5601901985773
node,2367,440.5688138499349
node,2371,440.8890075870519
node,2373,440.5605785865926
node,2403,442.52570249567657
node,2408,441.24817716487803
node,2410,440.57111834874036
node,2413,441.2111798129024
node,2417,440.57002454187585
node,2523,655.9944516346577
node,2535,459.682088143735
node,2549,441.51653565068494
node,2551,441.19920589542687
node,2555,440.5496462183767
node,2558,449.86538797498457
node,2560,445.5810153809707
node,2563,725.8709115372326
node,2565,440.68769937558005
node,2567,440.7389360660321
node,2569,440.83991979441424
node,2571,440.3321829501704
node,2574,440.4751020526704
node,2576,440.5774844968431
node,2579,725.6318260531135
node,2581,448.831209682387
node,2586,372.6472898105067
node,2591,438.06411627809456
node,2616,1678.4232582454708
node,2618,1677.297178630155
node,2622,1678.421721268769
node,2628,664.1790221417032
node,2631,663.7797217403818
node,2635,663.8752420897058
node,2648,449.8578967177815
node,2651,384.52626433485943
node,2653,388.74237404859025
node,2656,440.28422686668205
node,2658,466.62201252514825
node,2660,156.54137425601022
node,2662,171.9622600844499
node,2664,466.98127649271237
node,2671,182.77707580028647
node,2674,396.72977947403825
node,2676,181.74230274719264
node,2679,396.7338215484368
node,2680,171.82403076075968
node,2684,455.8982832070153
node,2690,456.8775678710778
node,2695,456.8763785243683
node,2703,455.92334508507463
node,2710,455.92250391997965
node,2716,388.8645229607818
node,2718,389.71741508448935
node,2721,389.7177875229851
node,2724,388.88835831477627
node,2727,388.88775771576763
node,2739,102.7732474544565
node,2741,49.50212999015331
node,2752,450.17179597018696
node,2754,157.19548458898882
node,2757,441.355943644556
node,2759,442.29844074888035
node,2762,268.0508996242301
node,2765,48.8529720610312
node,2767,0.0
node,2787,440.90745298565906
node,2789,441.3593434136861
node,2793,440.3034623742744
node,2795,440.29723831469903
node,2801,74.31946289686336
node,2803,137.05860823578925
node,2809,0.0
node,2813,25.43859457827323
node,2817,134.06180333578138
node,2821,21.382580602461992
node,2823,69.42156447037324
node,2829,111.10596824241527
node,2831,91.60445279212124
node,2837,603.7465878366191
node,2839,587.80069630747
node,2841,513.0746608635446
node,2843,523.0780998690947
node,2845,593.5801581877106
node,2850,441.74593777461627
node,2852,440.7595852912469
node,2854,440.29067531905173
dcp,1,0.0
dcp,2,41.811706852944184
dcp,6,104.52689497152687
dcp,14,125.42563191549814
dcp,30,235.83074143267277
dcp,33,236.32323142878644
dcp,35,237.06097748730303
dcp,39,273.0641718497342
dcp,41,274.2944079038997
dcp,43,286.2961319812797
dcp,45,293.6775483056795
dcp,47,313.50920313799276
dcp,49,339.8042852128467
dcp,51,400.299461984486
dcp,53,345.197642786831
dcp,66,463.89000760649213
dcp,69,239.54337545236612
dcp,71,242.76103131220623
dcp,73,248.4136699848983
dcp,75,248.75616389815414
dcp,77,251.1542169325333
dcp,79,253.55226996691243
dcp,94,107.51107330018928
dcp,96,122.44145358683573
dcp,102,253.75776631486593
dcp,104,258.5544680252123
dcp,106,258.79451158528553
dcp,108,263.5912132956319
dcp,112,263.72821086093427
dcp,114,263.83125685570513
dcp,116,265.2018281503167
dcp,118,268.6279585660515
dcp,120,270.3410237739189
dcp,122,273.7671541896536
dcp,124,277.1932846053882
dcp,126,286.3628197058141
dcp,128,0.0
dcp,129,28.892828051733026
dcp,131,27.754955348387128
dcp,133,0.0
dcp,135,28.076146202196508
dcp,137,29.09618196904016
dcp,139,0.0
dcp,141,239.59633628099806
dcp,143,240.27081324555635
dcp,149,264.5349659571004
dcp,151,265.3161501160018
dcp,153,265.4059054790805
dcp,155,265.95953746111866
dcp,157,265.74008510638816
dcp,160,268.5557402992898
dcp,162,270.8118903745919
dcp,165,268.50975586183307
dcp,168,276.78729889203606
dcp,170,292.13651843286107
dcp,172,293.34800776951676
dcp,174,310.7182201763589
dcp,176,315.56417752298063
dcp,179,317.9343736881552
dcp,181,321.7301927286977
dcp,183,328.20609046942013
dcp,185,316.76061511932016
dcp,187,314.54928350180376
dcp,189,314.34570360784375
dcp,191,314.12238687038024
dcp,195,314.21797786115235
dcp,197,316.52376648932204
dcp,199,330.90440923910836
dcp,201,331.07375246745795
dcp,203,333.7720712371463
dcp,205,333.97446197150526
dcp,207,339.88034116438854
dcp,210,314.06360657079017
dcp,213,314.0673173124843
dcp,219,0.0
dcp,220,79.19945823451323
dcp,224,87.51966242458396
dcp,226,285.7182352474722
dcp,229,396.50925083762206
dcp,231,410.9316527283955
dcp,233,771.6873627152765
dcp,235,316.7022184558725
dcp,237,316.61616788798375
dcp,239,316.54361169652896
dcp,242,316.4575472204407
dcp,244,316.3991625358405
dcp,246,316.3302409031057
dcp,249,320.4162967805082
dcp,251,323.44991523196666
dcp,253,328.6047699853378
dcp,255,782.2943416138817
dcp,257,786.5371331733237
dcp,259,1480.75023640583
dcp,261,1608.026799409328
dcp,265,271.1661258760548
dcp,267,272.6087756005705
dcp,269,273.3032106205403
dcp,271,273.8330857041328
dcp,273,272.8050690384663
dcp,276,278.43067505627846
dcp,278,283.76240295576844
dcp,281,279.79019864420974
dcp,284,286.35679464478903
dcp,295,288.81936233720364
dcp,298,288.79089466864065
dcp,300,290.57318831943206
dcp,303,296.24490760505677
dcp,305,296.5814339527471
dcp,307,296.7379213058136
dcp,310,304.80909050247817
dcp,312,303.20188363349774
dcp,315,305.41857030458425
dcp,317,381.0956457327592
dcp,319,1635.6985376454447
dcp,321,1647.45215140178
dcp,324,331.2160977105891
dcp,325,348.5004418741208
dcp,327,373.91829833079856
dcp,328,458.0568786732881
dcp,330,444.7027381605193
dcp,332,444.8324488913224
dcp,334,386.9440930991377
dcp,340,374.45163362498147
dcp,344,372.27939687443165
dcp,346,369.18128872195723
dcp,348,368.968149948626
dcp,350,368.81671070535936
dcp,352,368.7546773636009
dcp,354,368.6193723527419
dcp,356,368.38776266516817
dcp,358,368.2144031199955
dcp,360,368.20899440236803
dcp,362,368.20210167074987
dcp,364,368.29123986702217
dcp,366,368.45141222267125
dcp,368,371.7461726857592
dcp,372,371.9724969201562
dcp,375,367.28646466041675
dcp,376,367.3471080021141
dcp,378,367.68988009576015
dcp,382,370.06482147195607
dcp,389,373.5194047387463
dcp,391,438.5645506483272
dcp,399,371.75889849516375
dcp,401,369.99319041210197
dcp,403,368.45567679358834
dcp,408,372.6032560953287
dcp,410,372.55799293527576
dcp,412,358.3726820706688
dcp,413,368.4752535376995
dcp,417,369.7589480525761
dcp,420,369.0558344354188
dcp,423,372.0258827165789
dcp,425,368.35545001832884
dcp,427,367.86461910829405
dcp,430,366.7814449512544
dcp,432,469.0691081548361
dcp,434,471.85139568442463
dcp,436,495.54441071944274
dcp,438,492.79848522862363
dcp,440,490.97371685133805
dcp,442,491.3000493490716
dcp,444,497.6033231545532
dcp,446,499.4702040162349
dcp,448,500.02876541894733
dcp,450,500.9630407696726
dcp,452,501.4581482611651
dcp,454,371.9827465428468
dcp,456,357.5418689401652
dcp,458,347.62836089367124
dcp,460,335.28332950928393
dcp,462,335.7115823396413
dcp,465,393.59921621839044
dcp,467,406.9893027798123
dcp,469,409.69502371946515
dcp,471,409.70077850977657
dcp,473,411.2998434567841
dcp,476,488.8901482726019
dcp,478,390.5021665370764
dcp,480,401.6562627722258
dcp,483,430.8198340525939
dcp,485,411.344459356029
dcp,487,395.9929285583382
dcp,489,389.96983992010104
dcp,491,385.4175822262793
dcp,493,377.1381956879507
dcp,495,387.31023511741677
dcp,497,385.39527427665683
dcp,499,385.4003234010663
dcp,502,385.284696172778
dcp,504,384.72391912787657
dcp,506,384.3025702550921
dcp,508,383.1120681673729
dcp,510,383.5246276869748
dcp,513,361.67499567504234
dcp,514,365.97889570021863
dcp,518,372.1041484267176
dcp,520,370.80123238794016
dcp,522,369.74745920250706
dcp,524,368.9324271826059
dcp,526,369.36008029473527
dcp,528,369.2349290233654
dcp,531,361.71685770508043
dcp,532,367.5544709812998
dcp,535,386.3962984046247
dcp,537,389.52144210938224
dcp,540,429.1121642269051
dcp,542,428.72101507099785
dcp,544,427.7635061639612
dcp,546,426.32727370476596
dcp,548,420.6737500303513
dcp,550,390.38357718256515
dcp,552,389.90485363038727
dcp,554,389.4261300781919
dcp,556,388.94740652599717
dcp,558,388.46868297378415
dcp,560,386.0749416073686
dcp,562,385.59621805515536
dcp,566,383.2024766887188
dcp,570,380.80873532229776
dcp,572,380.33001177009226
dcp,574,379.85128821788584
dcp,576,377.457546851495
dcp,578,376.9788232992952
dcp,584,373.27479688156757
dcp,586,361.7314289253617
dcp,588,361.75547143882574
dcp,590,361.7636596909307
dcp,592,361.7720929458545
dcp,594,368.06918513246984
dcp,596,369.51157396625996
dcp,598,370.42185639435
dcp,600,370.9794960370104
dcp,603,369.9580652464212
dcp,605,370.07730395838706
dcp,607,370.42594256653496
dcp,609,370.42603471311656
dcp,611,370.42824623107543
dcp,614,376.3513627664147
dcp,617,370.8338994654098
dcp,619,371.06488086027963
dcp,623,371.02425987321647
dcp,626,373.90091151021926
dcp,628,374.92431683832865
dcp,630,376.15326311201704
dcp,634,371.3825347658587
dcp,636,371.3273444903715
dcp,639,351.4044217972419
dcp,641,352.0921259035085
dcp,643,353.2102194393094
dcp,645,363.5088662799012
dcp,647,354.4619474993748
dcp,649,354.0996193614406
dcp,651,350.3821326686362
dcp,653,349.51496065922566
dcp,656,354.0819728345185
dcp,658,354.0159248823527
dcp,660,353.90133566379586
dcp,662,353.84404105465586
dcp,664,353.78674644531185
dcp,667,353.3873358196277
dcp,669,357.9353160373443
dcp,674,363.3459172769879
dcp,676,358.7066522790352
dcp,678,355.8014955966813
dcp,680,352.34397963935606
dcp,687,775.2869435759881
dcp,688,1107.7856024220819
dcp,690,1804.2713613873802
dcp,699,368.40187527440423
dcp,701,368.43688292516947
dcp,704,368.44672202282567
dcp,706,368.4492877673331
dcp,709,368.4423257864937
dcp,711,368.4467794435803
dcp,716,472.6427140838009
dcp,718,471.4173982892371
dcp,720,459.199050451399
dcp,722,450.29027431101986
dcp,724,357.57595991406157
dcp,726,358.32710810712405
dcp,729,285.14469382402825
dcp,731,512.218237412093
dcp,733,503.56753201868855
dcp,735,489.0835208552891
dcp,737,465.572686672389
dcp,739,464.5306073595174
dcp,741,464.2324760593474
dcp,743,462.008913445844
dcp,745,262.00948569067515
dcp,747,0.0
dcp,751,340.0085029391294
dcp,753,348.22203011602704
dcp,755,350.3704082210153
dcp,757,364.1022512635905
dcp,758,541.4432209898921
dcp,760,634.1310528490956
dcp,762,654.2797707494814
dcp,764,722.3982716979281
dcp,766,721.9739540638443
dcp,770,721.3214001988664
dcp,778,739.6620872710494
dcp,780,704.0372309661107
dcp,782,668.412374661172
dcp,784,632.7875183562331
dcp,786,719.122976284344
dcp,789,626.6723333740531
dcp,791,494.00893903301244
dcp,815,358.63158463260083
dcp,818,355.3604115122546
dcp,820,356.4379706082729
dcp,822,356.59701308336963
dcp,825,355.8071852780185
dcp,827,356.2580730153506
dcp,830,1675.9161744918895
dcp,832,1683.1788309364626
dcp,834,0.0
dcp,835,165.06206671933109
dcp,837,197.74458854557227
dcp,839,210.6653396525495
dcp,841,265.7212733792517
dcp,893,388.7969378831788
dcp,894,387.89580928577874
dcp,896,387.2937786909198
dcp,898,386.9927633934899
dcp,900,373.46433066313796
dcp,902,370.45801227861557
dcp,904,343.40306411280176
dcp,906,342.8010335179418
dcp,908,327.7694415953284
dcp,910,324.76312321080536
dcp,912,321.7568048262833
dcp,914,318.7504864417606
dcp,916,312.7378496727152
dcp,918,1656.9525394362493
dcp,920,1663.731745338509
dcp,922,1669.916653128313
dcp,924,1671.7525944807367
dcp,926,1675.003408027582
dcp,928,287.0671237193826
dcp,930,286.3574251519321
dcp,932,282.6765831223787
dcp,934,292.4783303371914
dcp,936,657.8636714909533
dcp,939,0.0
dcp,941,8.484895703439742
dcp,943,169.6806472887709
dcp,945,178.16554299221056
dcp,947,296.94026941634655
dcp,949,297.1232972845933
dcp,951,309.2480302169409
dcp,953,312.2975071461959
dcp,955,385.80281699400643
dcp,957,385.1863630064084
dcp,959,384.15932960763024
dcp,961,384.1954521066722
dcp,963,450.62217437851257
dcp,994,337.0483939847564
dcp,996,368.52899981685545
dcp,998,370.7317369905744
dcp,1000,578.4663067841055
dcp,1002,583.432164365468
dcp,1004,592.6871090072004
dcp,1006,601.5404514233539
dcp,1010,609.3040976750825
dcp,1012,596.9345406319337
dcp,1014,594.1909133604117
dcp,1018,720.7901867660684
dcp,1019,712.8025703610302
dcp,1022,270.40911045750863
dcp,1023,369.16681403822525
dcp,1026,339.7386184696228
dcp,1028,1716.4134187585828
dcp,1030,332.0515653194113
dcp,1033,452.201249545576
dcp,1034,327.3246432635609
dcp,1037,326.4658442525186
dcp,1040,320.9799532055813
dcp,1042,320.009124929369
dcp,1044,315.3503292056723
dcp,1046,720.8840193381924
dcp,1049,723.1873771429606
dcp,1051,724.8236089295732
dcp,1053,725.4993781438781
dcp,1055,445.89319291429905
dcp,1057,445.52739975340813
dcp,1059,445.0190092585501
dcp,1061,445.056160100812
dcp,1063,445.02096426511804
dcp,1065,444.9819406336984
dcp,1068,725.6132223362223
dcp,1070,725.651663916934
dcp,1072,725.7169439639891
dcp,1074,726.0125723576591
dcp,1076,726.4458397717401
dcp,1078,728.4389375480957
dcp,1080,313.04899745917857
dcp,1082,311.4707596180478
dcp,1084,308.07499092978134
dcp,1086,306.1506002288191
dcp,1088,304.82078871453285
dcp,1103,726.0368474204249
dcp,1105,726.2212092608089
dcp,1107,313.8456007850699
dcp,1109,314.0816847010561
dcp,1111,314.2344309184038
dcp,1113,314.33056050764543
dcp,1115,445.52025979883354
dcp,1118,314.4541761676072
dcp,1120,314.17908416897245
dcp,1122,314.1926062439315
dcp,1125,314.4977179788982
dcp,1127,314.52345458852875
dcp,1129,314.30759696952555
dcp,1131,314.28285692750893
dcp,1133,314.2611220318713
dcp,1135,314.23057652901866
dcp,1138,1677.159113490667
dcp,1140,1677.8704492517406
dcp,1142,328.99598735309286
dcp,1144,329.00631022221376
dcp,1146,329.019500919565
dcp,1148,320.9077707096881
dcp,1150,320.8792856315448
dcp,1152,320.8746366146489
dcp,1154,320.86154319697926
dcp,1157,329.4935635576311
dcp,1160,315.33184748412947
dcp,1163,314.69005683620543
dcp,1166,314.647061021786
dcp,1168,314.91693024042667
dcp,1170,315.28761371876186
dcp,1176,313.53875312415147
dcp,1182,502.28396290241335
dcp,1184,500.01691132252296
dcp,1186,492.76973595850205
dcp,1189,443.8692529705425
dcp,1193,442.6907940646268
dcp,1196,441.8143777630735
dcp,1198,441.23244729628476
dcp,1200,441.4858094245772
dcp,1203,444.4650838565802
dcp,1206,1688.3226462156715
dcp,1237,488.3390076069264
dcp,1241,476.1822295345589
dcp,1245,1851.6025210406997
dcp,1261,716.5449221174404
dcp,1263,712.3930015470726
dcp,1265,709.0983564831242
dcp,1267,706.3980469539
dcp,1269,703.8673532279903
dcp,1271,700.7521712396353
dcp,1273,700.0368444255739
dcp,1275,699.2696995991655
dcp,1277,697.9883617320623
dcp,1279,461.9840691708597
dcp,1281,459.7480844178242
dcp,1283,459.7232401428101
dcp,1285,454.7115977647318
dcp,1287,454.31684983850397
dcp,1289,453.04565109700826
dcp,1292,447.1140942473316
dcp,1294,444.94492789943206
dcp,1296,442.4689217999615
dcp,1298,441.7770672514374
dcp,1300,441.3409219235397
dcp,1302,1714.2406128041232
dcp,1304,1708.079071794851
dcp,1306,1705.0239947275086
dcp,1308,1701.3188535247352
dcp,1310,1700.6218699598721
dcp,1312,1694.7668226991827
dcp,1314,463.103811191853
dcp,1316,441.177787355241
dcp,1319,351.0071966777913
dcp,1321,366.56780116418633
dcp,1323,387.68621178808183
dcp,1327,313.4654236691501
dcp,1329,315.0911094624354
dcp,1331,321.9155069214674
dcp,1333,343.55463578200596
dcp,1335,355.67059112743175
dcp,1337,362.37268755673176
dcp,1340,437.8434630077653
dcp,1342,436.3604689986624
dcp,1344,430.9048044186434
dcp,1346,435.1332849795907
dcp,1348,433.6867348630032
dcp,1350,433.0042732172557
dcp,1352,432.2145744499415
dcp,1354,0.0
dcp,1355,241.1935516584041
dcp,1357,296.7740935382469
dcp,1359,315.29383697903825
dcp,1361,348.6357686397038
dcp,1364,656.1405556608697
dcp,1366,655.8488604374257
dcp,1368,657.6147606127148
dcp,1370,660.0428733537092
dcp,1372,662.746390273215
dcp,1374,664.0429498155968
dcp,1377,664.9960405715642
dcp,1379,445.81394926517055
dcp,1380,447.6813832944213
dcp,1382,448.5079703172707
dcp,1384,449.7901046774396
dcp,1388,384.3521005877012
dcp,1390,440.2940616159546
dcp,1392,440.2686744795068
dcp,1394,440.2477171798608
dcp,1396,440.2357731475379
dcp,1398,440.22930121176717
dcp,1400,440.20360414963596
dcp,1413,363.2261249615093
dcp,1415,370.22334696899367
dcp,1417,373.1638870156384
dcp,1419,384.2315746057352
dcp,1423,384.3417055799946
dcp,1428,776.2933594719359
dcp,1430,750.9449922666886
dcp,1432,736.8473716630855
dcp,1434,656.9359913809191
dcp,1436,617.7137753276783
dcp,1438,504.07501876899937
dcp,1440,417.21428229864574
dcp,1442,402.8485550572075
dcp,1444,402.87044856236207
dcp,1448,424.07886272261135
dcp,1451,431.4440594253043
dcp,1454,314.06605349394823
dcp,1456,309.3109327512439
dcp,1458,296.7125807345089
dcp,1469,1844.1582949921433
dcp,1471,1836.8986687377771
dcp,1477,1833.8361873270815
dcp,1481,1832.6813539397272
dcp,1483,1832.3466935205415
dcp,1485,306.565851037576
dcp,1487,306.82183238250764
dcp,1490,294.01799228605455
dcp,1492,294.0189660333296
dcp,1510,468.9152106589653
dcp,1512,475.00532518113755
dcp,1520,293.11438255690547
dcp,1532,1846.698863820052
dcp,1540,1690.3483017143803
dcp,1543,1837.8002619038016
dcp,1550,1690.3161058432415
dcp,1555,1677.4821785723323
dcp,1557,1676.506490769667
dcp,1572,1677.4829977785816
dcp,1579,1824.9657477917287
dcp,1581,1690.8904648371888
dcp,1585,1834.0859280144743
dcp,1588,1821.8658814213454
dcp,1590,1691.0128435084016
dcp,1596,1685.6510905752757
dcp,1598,1684.8788463726264
dcp,1601,1659.7583957125332
dcp,1603,1659.611611395531
dcp,1607,1672.3511314275609
dcp,1612,1673.7513225443374
dcp,1618,1673.7470324645135
dcp,1623,294.966841689685
dcp,1625,293.7387012998532
dcp,1628,294.96944662653186
dcp,1630,293.84028999265
dcp,1634,1819.5943888973823
dcp,1636,1826.4992028349793
dcp,1648,1677.1958151809515
dcp,1651,1676.4907450080657
dcp,1653,1673.5206737261597
dcp,1656,1676.4915537975824
dcp,1658,1673.656363835385
dcp,1699,702.4253910836294
dcp,1701,663.7745650329774
dcp,1703,660.9440705817199
dcp,1705,660.9447452180913
dcp,1707,663.7655046662628
dcp,1709,700.632841532542
dcp,1713,660.6443797221418
dcp,1715,660.6738640424985
dcp,1719,660.714206148969
dcp,1722,660.714592329062
dcp,1726,699.6486572626128
dcp,1728,667.3300152430432
dcp,1732,694.8200957199683
dcp,1734,668.8635876343242
dcp,1736,664.1978732305244
dcp,1748,663.8199620521801
dcp,1751,663.8765189433254
dcp,1757,817.234251164875
dcp,1759,768.6243714408615
dcp,1761,804.6874280156452
dcp,1763,668.5780162505832
dcp,1765,659.4871136627772
dcp,1767,658.5524422231761
dcp,1769,658.7657532190942
dcp,1772,759.0918273930214
dcp,1774,668.3064152204726
dcp,1776,659.4876283677249
dcp,1780,658.6288423120502
dcp,1783,658.7663197884698
dcp,1788,711.4608964901311
dcp,1790,661.8483645537361
dcp,1792,657.33556372725
dcp,1794,656.9002565425069
dcp,1799,706.5785723555542
dcp,1801,661.8833733962972
dcp,1804,656.9689372357537
dcp,1807,657.3349832234534
dcp,1810,656.8601076311304
dcp,1813,656.9685785117958
dcp,1821,697.7257006481972
dcp,1823,694.274825388725
dcp,1825,671.3314873791048
dcp,1827,667.0687506342828
dcp,1829,666.0948771287078
dcp,1831,666.1748867109004
dcp,1834,689.6868625717498
dcp,1836,672.3745603906804
dcp,1839,667.0851289897921
dcp,1842,666.1507236089395
dcp,1845,666.1787472136618
dcp,1855,268.0907293966553
dcp,1932,491.36608578007736
dcp,1934,491.47728106120155
dcp,1936,491.58469220971506
dcp,1940,491.58657232594635
dcp,1943,491.7307888726985
dcp,1946,492.08651208912505
dcp,1949,491.47369345564294
dcp,1960,367.63860460654485
dcp,1962,365.2031829191666
dcp,1964,364.6794684599314
dcp,1966,393.4145637454835
dcp,1968,393.48569012143906
dcp,1971,366.1279595825158
dcp,1974,364.6122777226883
dcp,1978,366.06941520346476
dcp,1995,28.960294751627615
dcp,1997,28.979298432276526
dcp,1999,29.023964348983363
dcp,2001,29.026816717876173
dcp,2003,29.02871526914559
dcp,2038,274.3643202187245
dcp,2040,274.5892794075398
dcp,2042,275.9390345404313
dcp,2044,282.3961805107839
dcp,2051,352.55467966763433
dcp,2054,357.1223065853588
dcp,2056,357.3374431185627
dcp,2060,391.7281687802661
dcp,2068,392.18594845655076
dcp,2094,395.3597376807045
dcp,2098,453.44796754997566
dcp,2111,455.7257930322195
dcp,2115,441.32616078150625
dcp,2141,445.2382347218636
dcp,2143,445.66279235809526
dcp,2147,445.73829677736677
dcp,2149,444.79179370752746
dcp,2151,444.31431963586425
dcp,2153,443.54993289297795
dcp,2155,442.7812638715884
dcp,2157,440.96843256775975
dcp,2159,440.1762110139685
dcp,2162,445.4615651235965
dcp,2165,446.98070261356077
dcp,2205,449.1031027612169
dcp,2218,1699.9398346184882
dcp,2220,448.9029791009724
dcp,2222,448.57503268272666
dcp,2227,448.56596518801797
dcp,2233,448.5622090678407
dcp,2236,452.11188281292425
dcp,2238,450.4845070261907
dcp,2240,449.21413628795386
dcp,2242,449.605955462074
dcp,2244,448.58664995016164
dcp,2250,448.56851211248795
dcp,2253,448.5742890437454
dcp,2257,448.5856380027979
dcp,2261,448.56198786082734
dcp,2266,1705.2893886815607
dcp,2274,1694.4635002022148
dcp,2276,1693.7746500990318
dcp,2278,459.8764692528829
dcp,2280,461.67809599858896
dcp,2283,1692.6763155546398
dcp,2286,449.22177680256056
dcp,2288,323.0427128830465
dcp,2291,448.2508090415402
dcp,2293,448.2708986010587
dcp,2296,1702.5745449145015
dcp,2299,1704.2610089249554
dcp,2305,448.2201397101754
dcp,2310,445.5923240020479
dcp,2313,445.36486078634886
dcp,2316,443.77222054063054
dcp,2318,443.4932627645258
dcp,2321,1697.8740929723467
dcp,2323,1697.5058689633372
dcp,2326,441.17748387157883
dcp,2328,441.19218687316874
dcp,2332,441.26547855181917
dcp,2340,441.2485892739882
dcp,2353,440.56858127476966
dcp,2361,440.8853380338751
dcp,2363,440.5599208575412
dcp,2367,440.5685445329545
dcp,2371,440.888739187173
dcp,2373,440.560309247132
dcp,2403,442.5254344591634
dcp,2408,441.2479095151979
dcp,2410,440.5708490363231
dcp,2413,441.21091216665025
dcp,2417,440.569755228046
dcp,2523,655.9942781825026
dcp,2535,459.6818330176541
dcp,2549,441.5162681283192
dcp,2551,441.1989384805708
dcp,2555,440.5493768486865
dcp,2558,449.86512634113853
dcp,2560,445.5807512163613
dcp,2563,725.870676672408
dcp,2565,440.6874259480515
dcp,2567,440.738662331208
dcp,2569,440.8396454539298
dcp,2571,440.33191165534134
dcp,2574,440.474829900214
dcp,2576,440.57721173033843
dcp,2579,725.6315923939203
dcp,2581,448.83092035253037
dcp,2586,372.6470309336027
dcp,2591,438.0638406318216
dcp,2616,1678.4231416722541
dcp,2618,1677.2970621151014
dcp,2622,1678.4216046956299
dcp,2628,664.1788473027782
dcp,2631,663.7795468546245
dcp,2635,663.8750672152098
dcp,2648,449.8576071099227
dcp,2651,384.52599229869435
dcp,2653,388.7420982972884
dcp,2656,440.28395664200144
dcp,2658,466.6217088013179
dcp,2660,156.54128320245005
dcp,2662,171.96216063093942
dcp,2664,466.98097238123364
dcp,2671,182.7769711630675
dcp,2674,396.7294966813699
dcp,2676,181.74219851546093
dcp,2679,396.73353876088726
dcp,2680,171.82393131580955
dcp,2684,455.89798857041006
dcp,2690,456.8772724031479
dcp,2695,456.8760830529462
dcp,2703,455.9230504270708
dcp,2710,455.922209262713
dcp,2716,388.8642471018706
dcp,2718,389.71713847408415
dcp,2721,389.71751091242874
dcp,2724,388.8880824348765
dcp,2727,388.887481836399
dcp,2739,102.7731876755638
dcp,2741,49.50210119683817
dcp,2752,450.1715172926643
dcp,2754,157.19539306186198
dcp,2757,441.3556723381159
dcp,2759,442.2981686544133
dcp,2762,268.0507573093992
dcp,2765,48.852943616371334
dcp,2767,0.0
dcp,2787,440.90718450966045
dcp,2789,441.35907566946906
dcp,2793,440.303192196773
dcp,2795,440.29696812285295
dcp,2801,74.31941966834529
dcp,2803,137.05852851453815
dcp,2809,0.0
dcp,2813,25.438579781708526
dcp,2817,134.06172527824907
dcp,2821,21.382568152447075
dcp,2823,69.42152404964325
dcp,2829,111.10590355092634
dcp,2831,91.60439945539669
dcp,2837,603.7461700015344
dcp,2839,587.8002873399545
dcp,2841,513.074273678632
dcp,2843,523.0777078048174
dcp,2845,593.5797596036158
dcp,2850,441.7456661464182
dcp,2852,440.7593146259896
dcp,2854,440.2904051118381
