edge_id,name,from,to,r_N_s2_m8,adjust_r,is_fan,a0_Pa,a1_Pa_s_m3,a2_Pa_s2_m6
3,巷道,83,2,0.001413,0.0,0,0.0,0.0,0.0
5,巷道,2,4,0.000769,0.0,0,0.0,0.0,0.0
7,巷道,4,6,0.003607,0.0,0,0.0,0.0,0.0
11,巷道,6,10,0.02532,0.0,0,0.0,0.0,0.0
19,巷道,16,18,0.004269,0.0,0,0.0,0.0,0.0
21,巷道,18,20,0.052424,0.0,0,0.0,0.0,0.0
23,巷道,20,22,0.002897,0.0,0,0.0,0.0,0.0
25,巷道,24,22,0.002365,0.0,0,0.0,0.0,0.0
27,巷道,26,24,0.057758,0.0,0,0.0,0.0,0.0
29,巷道,28,26,0.016697,0.0,0,0.0,0.0,0.0
35,巷道,34,28,0.086261,0.0,0,0.0,0.0,0.0
39,巷道,36,707,0.262838,0.0,0,0.0,0.0,0.0
41,巷道,40,4,0.019008,0.0,0,0.0,0.0,0.0
44,巷道,42,43,0.004696,0.0,0,0.0,0.0,0.0
46,巷道,43,45,0.00744,0.0,0,0.0,0.0,0.0
50,巷道,47,49,0.021086,0.0,0,0.0,0.0,0.0
52,巷道,49,51,0.001223,0.0,0,0.0,0.0,0.0
54,巷道,51,53,0.001361,0.0,0,0.0,0.0,0.0
60,巷道,53,59,3.948098,0.0,0,0.0,0.0,0.0
68,巷道,6,43,0.021611,0.0,1,78.4739,3.4661,-0.2
74,巷道,73,42,0.000476,0.0,0,0.0,0.0,0.0
76,巷道,73,75,0.002354,0.0,0,0.0,0.0,0.0
84,巷道,75,83,0.002749,0.0,0,0.0,0.0,0.0
89,巷道,88,2,0.019051,0.0,0,0.0,0.0,0.0
90,巷道,88,40,0.007258,0.0,0,0.0,0.0,0.0
91,巷道,42,40,0.006955,0.0,0,0.0,0.0,0.0
92,巷道,73,88,0.006912,0.0,0,0.0,0.0,0.0
97,巷道,24,98,0.029281,0.0,0,0.0,0.0,0.0
101,巷道,98,100,0.00815,0.0,0,0.0,0.0,0.0
103,巷道,100,102,0.010506,0.0,0,0.0,0.0,0.0
105,巷道,102,104,0.007988,0.0,0,0.0,0.0,0.0
107,巷道,104,106,0.009883,0.0,0,0.0,0.0,0.0
109,巷道,106,112,0.010228,0.0,0,0.0,0.0,0.0
115,巷道,112,118,0.577817,0.0,0,0.0,0.0,0.0
121,巷道,118,120,0.085167,0.0,0,0.0,0.0,0.0
123,巷道,120,122,0.009419,0.0,0,0.0,0.0,0.0
126,巷道,171,2559,0.010695,0.0,0,0.0,0.0,0.0
138,巷道,133,137,0.016568,0.0,0,0.0,0.0,0.0
140,巷道,137,139,0.021311,0.0,0,0.0,0.0,0.0
142,巷道,139,2211,0.001566,0.0,0,0.0,0.0,0.0
144,巷道,141,143,0.002637,0.0,0,0.0,0.0,0.0
146,巷道,143,1304,0.005872,0.0,0,0.0,0.0,0.0
148,巷道,145,147,0.00874,0.0,0,0.0,0.0,0.0
149,巷道,147,120,0.005067,0.0,0,0.0,0.0,0.0
152,巷道,171,133,0.032203,0.0,0,0.0,0.0,0.0
154,巷道,104,155,0.008699,0.0,0,0.0,0.0,0.0
158,巷道,155,157,0.008258,0.0,0,0.0,0.0,0.0
160,巷道,157,159,0.103398,0.0,0,0.0,0.0,0.0
162,巷道,159,161,0.070118,0.0,0,0.0,0.0,0.0
164,巷道,161,163,0.038866,0.0,0,0.0,0.0,0.0
166,巷道,163,165,0.024771,0.0,0,0.0,0.0,0.0
168,巷道,165,167,0.026936,0.0,0,0.0,0.0,0.0
170,巷道,167,169,0.012915,0.0,0,0.0,0.0,0.0
172,巷道,169,171,0.026932,0.0,0,0.0,0.0,0.0
183,巷道,180,182,0.028275,0.0,0,0.0,0.0,0.0
185,巷道,182,184,0.037824,0.0,0,0.0,0.0,0.0
187,巷道,184,186,0.00667,0.0,0,0.0,0.0,0.0
189,巷道,186,188,0.039093,0.0,0,0.0,0.0,0.0
190,巷道,188,169,0.007435,0.0,0,0.0,0.0,0.0
191,巷道,167,1296,0.039245,0.0,0,0.0,0.0,0.0
192,巷道,186,163,0.018222,0.0,0,0.0,0.0,0.0
194,巷道,45,199,0.045561,0.0,1,87.2234,3.8932,-0.2
202,巷道,199,201,0.165334,0.0,0,0.0,0.0,0.0
207,巷道,205,332,0.005338,0.0,0,0.0,0.0,0.0
209,巷道,332,1212,0.005477,0.0,0,0.0,0.0,0.0
211,巷道,208,210,0.027783,0.0,0,0.0,0.0,0.0
213,巷道,210,212,0.023474,0.0,0,0.0,0.0,0.0
215,巷道,212,214,0.002317,0.0,0,0.0,0.0,0.0
217,巷道,214,201,0.020137,0.0,0,0.0,0.0,0.0
219,巷道,201,218,0.002474,0.0,0,0.0,0.0,0.0
221,巷道,218,220,0.00406,0.0,0,0.0,0.0,0.0
226,巷道,223,225,0.139283,0.0,0,0.0,0.0,0.0
228,巷道,227,225,0.015084,0.0,0,0.0,0.0,0.0
230,巷道,227,229,0.007407,0.0,0,0.0,0.0,0.0
232,巷道,229,231,0.009955,0.0,0,0.0,0.0,0.0
234,巷道,231,2527,0.092518,0.0,0,0.0,0.0,0.0
240,巷道,237,239,0.008767,0.0,0,0.0,0.0,0.0
242,巷道,239,241,0.007917,0.0,0,0.0,0.0,0.0
245,巷道,243,244,0.006881,0.0,0,0.0,0.0,0.0
247,巷道,244,267,0.045673,0.0,0,0.0,0.0,0.0
249,巷道,267,248,0.011202,0.0,0,0.0,0.0,0.0
251,巷道,248,250,0.03188,0.0,0,0.0,0.0,0.0
253,巷道,250,252,0.01151,0.0,0,0.0,0.0,0.0
255,巷道,252,254,0.01253,0.0,0,0.0,0.0,0.0
257,巷道,254,256,0.006752,0.0,0,0.0,0.0,0.0
259,巷道,256,258,0.040772,0.0,0,0.0,0.0,0.0
261,巷道,258,260,0.003733,0.0,0,0.0,0.0,0.0
263,巷道,260,262,0.005278,0.0,0,0.0,0.0,0.0
265,巷道,264,262,0.004099,0.0,0,0.0,0.0,0.0
266,巷道,244,258,0.030465,0.0,0,0.0,0.0,0.0
270,巷道,267,269,0.029635,0.0,0,0.0,0.0,0.0
274,巷道,271,273,0.056994,0.0,0,0.0,0.0,0.0
280,巷道,277,279,0.016497,0.0,0,0.0,0.0,0.0
288,巷道,269,287,0.013247,0.0,0,0.0,0.0,0.0
290,巷道,287,289,0.00672,0.0,0,0.0,0.0,0.0
294,巷道,292,293,0.013076,0.0,0,0.0,0.0,0.0
300,巷道,298,299,0.084795,0.0,0,0.0,0.0,0.0
302,巷道,299,301,0.059586,0.0,0,0.0,0.0,0.0
304,巷道,301,303,0.009928,0.0,0,0.0,0.0,0.0
305,巷道,212,301,0.537495,0.0,0,0.0,0.0,0.0
306,巷道,210,299,0.624523,0.0,0,0.0,0.0,0.0
308,巷道,307,205,0.13467,0.0,0,0.0,0.0,0.0
310,巷道,303,309,0.012464,0.0,0,0.0,0.0,0.0
311,巷道,309,218,0.010097,0.0,0,0.0,0.0,0.0
313,巷道,122,312,0.116593,0.0,0,0.0,0.0,0.0
315,巷道,312,314,0.070781,0.0,0,0.0,0.0,0.0
317,巷道,314,316,0.018714,0.0,0,0.0,0.0,0.0
319,巷道,316,318,0.008003,0.0,0,0.0,0.0,0.0
320,巷道,318,292,0.004653,0.0,0,0.0,0.0,0.0
326,巷道,94,220,0.005981,0.0,0,0.0,0.0,0.0
328,巷道,220,327,0.002591,0.0,0,0.0,0.0,0.0
329,巷道,327,292,0.00225,0.0,0,0.0,0.0,0.0
331,巷道,312,330,0.020182,0.0,0,0.0,0.0,0.0
333,巷道,330,332,1.164662,0.0,0,0.0,0.0,0.0
337,巷道,208,298,0.013268,0.0,0,0.0,0.0,0.0
339,巷道,147,338,0.004471,0.0,0,0.0,0.0,0.0
344,巷道,248,343,0.178103,0.0,0,0.0,0.0,0.0
358,巷道,356,357,0.008205,0.0,0,0.0,0.0,0.0
360,巷道,357,359,0.006455,0.0,0,0.0,0.0,0.0
362,巷道,359,361,0.002813,0.0,0,0.0,0.0,0.0
364,巷道,361,363,0.002837,0.0,0,0.0,0.0,0.0
366,巷道,363,365,0.009382,0.0,0,0.0,0.0,0.0
368,巷道,365,367,0.018859,0.0,0,0.0,0.0,0.0
370,巷道,367,369,0.009293,0.0,0,0.0,0.0,0.0
372,巷道,369,1332,0.002245,0.0,0,0.0,0.0,0.0
374,巷道,371,373,0.001397,0.0,0,0.0,0.0,0.0
376,巷道,373,1008,0.147016,0.0,0,0.0,0.0,0.0
378,巷道,1008,377,0.033609,0.0,0,0.0,0.0,0.0
380,巷道,377,379,0.056465,0.0,0,0.0,0.0,0.0
382,巷道,379,381,0.008808,0.0,0,0.0,0.0,0.0
390,巷道,387,528,0.010065,0.0,0,0.0,0.0,0.0
393,巷道,528,244,0.001871,0.0,0,0.0,0.0,0.0
395,巷道,49,2266,0.008559,0.0,0,0.0,0.0,0.0
400,巷道,399,205,0.090973,0.0,0,0.0,0.0,0.0
402,巷道,401,47,0.028886,0.0,0,0.0,0.0,0.0
403,巷道,10,401,0.00952,0.0,0,0.0,0.0,0.0
404,巷道,401,399,0.010989,0.0,0,0.0,0.0,0.0
408,巷道,407,177,0.021929,0.0,0,0.0,0.0,0.0
409,巷道,51,407,0.001298,0.0,0,0.0,0.0,0.0
424,巷道,102,423,0.017639,0.0,0,0.0,0.0,0.0
430,巷道,427,429,0.002412,0.0,0,0.0,0.0,0.0
432,巷道,429,431,0.014166,0.0,0,0.0,0.0,0.0
434,巷道,431,1300,0.003889,0.0,0,0.0,0.0,0.0
436,巷道,433,1291,0.011648,0.0,0,0.0,0.0,0.0
438,巷道,453,431,0.207762,0.0,0,0.0,0.0,0.0
440,巷道,453,439,0.100214,0.0,0,0.0,0.0,0.0
442,巷道,439,441,0.035237,0.0,0,0.0,0.0,0.0
444,巷道,439,433,0.038911,0.0,0,0.0,0.0,0.0
455,巷道,182,453,0.02295,0.0,0,0.0,0.0,0.0
459,巷道,458,180,0.018108,0.0,0,0.0,0.0,0.0
474,巷道,458,59,0.016809,0.0,0,0.0,0.0,0.0
479,巷道,22,1595,0.025661,0.0,0,0.0,0.0,0.0
480,巷道,1595,98,0.008536,0.0,0,0.0,0.0,0.0
486,巷道,427,484,0.013951,0.0,0,0.0,0.0,0.0
488,巷道,59,20,0.003323,0.0,0,0.0,0.0,0.0
493,巷道,732,492,0.011789,0.0,0,0.0,0.0,0.0
495,巷道,492,494,0.022722,0.0,0,0.0,0.0,0.0
496,巷道,494,34,0.029028,0.0,0,0.0,0.0,0.0
499,巷道,497,498,0.017188,0.0,0,0.0,0.0,0.0
517,巷道,516,498,0.006029,0.0,0,0.0,0.0,0.0
521,巷道,519,520,0.067681,0.0,0,0.0,0.0,0.0
525,巷道,520,524,0.025911,0.0,0,0.0,0.0,0.0
526,巷道,524,264,0.011936,0.0,0,0.0,0.0,0.0
527,巷道,264,243,0.008098,0.0,0,0.0,0.0,0.0
529,巷道,243,528,0.001727,0.0,0,0.0,0.0,0.0
533,巷道,497,532,0.007155,0.0,0,0.0,0.0,0.0
535,巷道,532,534,0.005441,0.0,0,0.0,0.0,0.0
541,巷道,538,540,0.013512,0.0,0,0.0,0.0,0.0
545,巷道,540,544,0.00116,0.0,0,0.0,0.0,0.0
547,巷道,544,546,0.005277,0.0,0,0.0,0.0,0.0
549,巷道,546,548,0.075972,0.0,0,0.0,0.0,0.0
551,巷道,548,550,0.035826,0.0,0,0.0,0.0,0.0
553,巷道,550,552,0.009655,0.0,0,0.0,0.0,0.0
555,巷道,552,554,0.006815,0.0,0,0.0,0.0,0.0
557,巷道,554,1141,0.011031,0.0,0,0.0,0.0,0.0
559,巷道,556,558,0.005972,0.0,0,0.0,0.0,0.0
561,巷道,558,560,0.028044,0.0,0,0.0,0.0,0.0
563,巷道,560,562,0.008261,0.0,0,0.0,0.0,0.0
565,巷道,562,2478,0.026517,0.0,0,0.0,0.0,0.0
567,巷道,564,566,0.011311,0.0,0,0.0,0.0,0.0
569,巷道,566,570,0.002329,0.0,0,0.0,0.0,0.0
573,巷道,570,1077,0.001287,0.0,0,0.0,0.0,0.0
575,巷道,574,572,0.014015,0.0,0,0.0,0.0,0.0
577,巷道,1997,574,0.039086,0.0,0,0.0,0.0,0.0
580,巷道,578,579,0.023164,0.0,0,0.0,0.0,0.0
582,巷道,579,581,0.016512,0.0,0,0.0,0.0,0.0
584,巷道,581,583,0.083757,0.0,0,0.0,0.0,0.0
586,巷道,585,36,0.006201,0.0,0,0.0,0.0,0.0
588,巷道,585,494,0.027062,0.0,0,0.0,0.0,0.0
593,巷道,592,363,0.002652,0.0,0,0.0,0.0,0.0
597,巷道,596,592,0.016949,0.0,0,0.0,0.0,0.0
599,巷道,598,596,0.006954,0.0,0,0.0,0.0,0.0
601,巷道,600,598,0.005862,0.0,0,0.0,0.0,0.0
603,巷道,602,600,0.018419,0.0,0,0.0,0.0,0.0
605,巷道,602,604,0.028586,0.0,0,0.0,0.0,0.0
607,巷道,606,604,0.004006,0.0,0,0.0,0.0,0.0
608,巷道,581,606,0.019566,0.0,0,0.0,0.0,0.0
615,巷道,516,497,0.006157,0.0,0,0.0,0.0,0.0
617,巷道,618,516,0.004817,0.0,0,0.0,0.0,0.0
621,巷道,732,618,0.008811,0.0,0,0.0,0.0,0.0
630,巷道,635,498,0.022825,0.0,0,0.0,0.0,0.0
637,巷道,732,635,0.007359,0.0,0,0.0,0.0,0.0
639,巷道,635,618,0.006118,0.0,0,0.0,0.0,0.0
660,巷道,659,534,0.00781,0.0,0,0.0,0.0,0.0
662,巷道,661,659,0.005104,0.0,0,0.0,0.0,0.0
663,巷道,592,661,0.003109,0.0,0,0.0,0.0,0.0
670,巷道,659,532,0.01265,0.0,0,0.0,0.0,0.0
673,巷道,902,672,0.00471,0.0,0,0.0,0.0,0.0
675,巷道,672,676,0.012904,0.0,0,0.0,0.0,0.0
679,巷道,676,678,0.015811,0.0,0,0.0,0.0,0.0
687,巷道,684,688,0.005176,0.0,0,0.0,0.0,0.0
691,巷道,688,690,0.011678,0.0,0,0.0,0.0,0.0
692,巷道,690,572,0.001676,0.0,0,0.0,0.0,0.0
693,巷道,690,566,0.00426,0.0,0,0.0,0.0,0.0
697,巷道,498,696,0.63313,0.0,0,0.0,0.0,0.0
700,巷道,696,1997,0.016705,0.0,0,0.0,0.0,0.0
702,巷道,701,498,0.092154,0.0,0,0.0,0.0,0.0
704,巷道,703,701,0.028817,0.0,0,0.0,0.0,0.0
713,巷道,712,661,0.008251,0.0,0,0.0,0.0,0.0
715,巷道,714,712,0.006031,0.0,0,0.0,0.0,0.0
717,巷道,716,714,0.002487,0.0,0,0.0,0.0,0.0
719,巷道,718,2089,0.006455,0.0,0,0.0,0.0,0.0
733,巷道,730,732,0.00793,0.0,0,0.0,0.0,0.0
742,巷道,604,730,0.003087,0.0,0,0.0,0.0,0.0
744,巷道,743,356,0.000928,0.0,0,0.0,0.0,0.0
746,巷道,1084,743,0.000878,0.0,0,0.0,0.0,0.0
748,巷道,745,747,0.00462,0.0,0,0.0,0.0,0.0
749,巷道,747,606,0.010795,0.0,0,0.0,0.0,0.0
751,巷道,356,967,1.004549,0.0,0,0.0,0.0,0.0
758,巷道,967,747,1.004552,0.0,0,0.0,0.0,0.0
762,巷道,760,761,0.007921,0.0,0,0.0,0.0,0.0
764,巷道,761,763,0.025844,0.0,0,0.0,0.0,0.0
766,巷道,763,765,0.024833,0.0,0,0.0,0.0,0.0
767,巷道,765,227,0.001576,0.0,0,0.0,0.0,0.0
768,巷道,765,239,0.011468,0.0,0,0.0,0.0,0.0
770,巷道,225,769,0.113149,0.0,0,0.0,0.0,0.0
771,巷道,769,231,0.055493,0.0,0,0.0,0.0,0.0
774,巷道,772,773,0.005235,0.0,0,0.0,0.0,0.0
776,巷道,773,775,0.009896,0.0,0,0.0,0.0,0.0
778,巷道,775,777,0.001919,0.0,0,0.0,0.0,0.0
780,巷道,777,779,0.025017,0.0,0,0.0,0.0,0.0
782,巷道,779,781,0.002123,0.0,0,0.0,0.0,0.0
784,巷道,781,783,0.026476,0.0,0,0.0,0.0,0.0
786,巷道,783,785,0.017582,0.0,0,0.0,0.0,0.0
788,巷道,785,787,0.010848,0.0,0,0.0,0.0,0.0
790,巷道,787,789,0.013503,0.0,0,0.0,0.0,0.0
792,巷道,789,1358,0.006304,0.0,0,0.0,0.0,0.0
808,巷道,801,807,0.067428,0.0,0,0.0,0.0,0.0
810,巷道,807,809,0.021258,0.0,0,0.0,0.0,0.0
812,巷道,809,811,0.002057,0.0,0,0.0,0.0,0.0
814,巷道,811,813,0.001904,0.0,0,0.0,0.0,0.0
816,巷道,813,815,0.008041,0.0,0,0.0,0.0,0.0
818,巷道,815,817,0.006307,0.0,0,0.0,0.0,0.0
820,巷道,817,2460,0.008273,0.0,0,0.0,0.0,0.0
821,巷道,819,562,0.059565,0.0,0,0.0,0.0,0.0
827,巷道,826,1366,0.028516,0.0,0,0.0,0.0,0.0
828,巷道,789,826,0.00548,0.0,0,0.0,0.0,0.0
830,巷道,826,829,0.016449,0.0,0,0.0,0.0,0.0
835,巷道,367,834,0.047766,0.0,0,0.0,0.0,0.0
837,巷道,834,1334,0.059737,0.0,0,0.0,0.0,0.0
839,巷道,836,838,0.034963,0.0,0,0.0,0.0,0.0
841,巷道,838,840,0.034359,0.0,0,0.0,0.0,0.0
843,巷道,840,842,0.016052,0.0,0,0.0,0.0,0.0
845,巷道,842,844,0.002732,0.0,0,0.0,0.0,0.0
847,巷道,844,846,0.034107,0.0,0,0.0,0.0,0.0
849,巷道,846,848,0.000952,0.0,0,0.0,0.0,0.0
851,巷道,848,850,0.02683,0.0,0,0.0,0.0,0.0
853,巷道,850,2429,0.020689,0.0,0,0.0,0.0,0.0
855,巷道,852,854,0.002917,0.0,0,0.0,0.0,0.0
857,巷道,854,856,0.01957,0.0,0,0.0,0.0,0.0
859,巷道,856,858,0.020325,0.0,0,0.0,0.0,0.0
861,巷道,858,860,0.017376,0.0,0,0.0,0.0,0.0
863,巷道,860,2591,0.020477,0.0,0,0.0,0.0,0.0
865,巷道,862,1285,0.020132,0.0,0,0.0,0.0,0.0
866,巷道,785,864,0.004005,0.0,0,0.0,0.0,0.0
867,巷道,787,852,0.052845,0.0,0,0.0,0.0,0.0
868,巷道,856,862,0.213931,0.0,0,0.0,0.0,0.0
870,巷道,844,777,0.008885,0.0,0,0.0,0.0,0.0
871,巷道,842,775,0.008885,0.0,0,0.0,0.0,0.0
873,巷道,519,872,0.013731,0.0,0,0.0,0.0,0.0
875,巷道,872,874,0.017009,0.0,0,0.0,0.0,0.0
877,巷道,874,876,0.0091,0.0,0,0.0,0.0,0.0
878,巷道,876,381,0.003506,0.0,0,0.0,0.0,0.0
879,巷道,379,520,0.023409,0.0,0,0.0,0.0,0.0
880,巷道,872,520,0.016476,0.0,0,0.0,0.0,0.0
887,巷道,884,886,0.00499,0.0,0,0.0,0.0,0.0
895,巷道,886,894,0.01558,0.0,0,0.0,0.0,0.0
897,巷道,894,896,0.002389,0.0,0,0.0,0.0,0.0
899,巷道,896,898,0.026535,0.0,0,0.0,0.0,0.0
901,巷道,898,900,0.018187,0.0,0,0.0,0.0,0.0
903,巷道,900,902,0.013649,0.0,0,0.0,0.0,0.0
906,巷道,905,902,0.008508,0.0,0,0.0,0.0,0.0
913,巷道,912,707,0.026256,0.0,0,0.0,0.0,0.0
915,巷道,912,1095,0.172081,0.0,0,0.0,0.0,0.0
917,巷道,914,916,0.041424,0.0,0,0.0,0.0,0.0
919,巷道,916,918,0.004043,0.0,0,0.0,0.0,0.0
920,巷道,918,760,0.014167,0.0,0,0.0,0.0,0.0
921,巷道,760,519,0.048239,0.0,0,0.0,0.0,0.0
923,巷道,900,676,0.020486,0.0,0,0.0,0.0,0.0
927,巷道,898,377,0.059925,0.0,0,0.0,0.0,0.0
928,巷道,516,912,0.0501,0.0,0,0.0,0.0,0.0
930,巷道,929,574,0.006617,0.0,0,0.0,0.0,0.0
932,巷道,929,718,0.040546,0.0,0,0.0,0.0,0.0
939,巷道,743,938,0.013095,0.0,0,0.0,0.0,0.0
949,巷道,947,578,0.011045,0.0,0,0.0,0.0,0.0
953,巷道,950,952,0.018332,0.0,0,0.0,0.0,0.0
954,巷道,952,578,0.007244,0.0,0,0.0,0.0,0.0
956,巷道,929,955,7.233645,0.0,0,0.0,0.0,0.0
958,巷道,955,957,0.002716,0.0,0,0.0,0.0,0.0
960,巷道,957,952,0.026274,0.0,0,0.0,0.0,0.0
962,巷道,957,950,0.003831,0.0,0,0.0,0.0,0.0
964,巷道,963,602,0.005268,0.0,0,0.0,0.0,0.0
965,巷道,745,963,0.012783,0.0,0,0.0,0.0,0.0
966,巷道,938,963,0.027749,0.0,0,0.0,0.0,0.0
968,巷道,967,359,2.316566,0.0,0,0.0,0.0,0.0
990,巷道,598,989,0.005215,0.0,0,0.0,0.0,0.0
991,巷道,989,707,0.005132,0.0,0,0.0,0.0,0.0
993,巷道,600,716,0.014267,0.0,0,0.0,0.0,0.0
998,巷道,929,714,0.031208,0.0,0,0.0,0.0,0.0
999,巷道,564,688,0.010527,0.0,0,0.0,0.0,0.0
1000,巷道,369,223,0.010331,0.0,0,0.0,0.0,0.0
1002,巷道,1001,914,0.058573,0.0,0,0.0,0.0,0.0
1004,巷道,1003,1001,0.006579,0.0,0,0.0,0.0,0.0
1006,巷道,1005,1003,0.01216,0.0,0,0.0,0.0,0.0
1007,巷道,884,1005,0.003895,0.0,0,0.0,0.0,0.0
1009,巷道,371,1008,0.004017,0.0,0,0.0,0.0,0.0
1011,巷道,1010,684,0.015661,0.0,0,0.0,0.0,0.0
1013,巷道,1008,1010,0.00102,0.0,0,0.0,0.0,0.0
1014,巷道,524,1243,0.00987,0.0,0,0.0,0.0,0.0
1016,巷道,262,1015,0.002745,0.0,0,0.0,0.0,0.0
1018,巷道,1015,1017,0.006983,0.0,0,0.0,0.0,0.0
1020,巷道,1017,1019,0.016019,0.0,0,0.0,0.0,0.0
1022,巷道,1019,1021,0.047953,0.0,0,0.0,0.0,0.0
1023,巷道,876,1021,0.00287,0.0,0,0.0,0.0,0.0
1024,巷道,1021,905,0.004837,0.0,0,0.0,0.0,0.0
1026,巷道,387,1025,0.009118,0.0,0,0.0,0.0,0.0
1028,巷道,1025,1027,0.003804,0.0,0,0.0,0.0,0.0
1030,巷道,1027,1029,0.014751,0.0,0,0.0,0.0,0.0
1032,巷道,1029,1031,0.003649,0.0,0,0.0,0.0,0.0
1033,巷道,1031,1019,0.008066,0.0,0,0.0,0.0,0.0
1035,巷道,896,761,0.009744,0.0,0,0.0,0.0,0.0
1043,巷道,1321,918,0.005061,0.0,0,0.0,0.0,0.0
1050,巷道,916,1048,0.003593,0.0,0,0.0,0.0,0.0
1052,巷道,550,1051,0.004397,0.0,0,0.0,0.0,0.0
1054,巷道,1051,1053,0.005954,0.0,0,0.0,0.0,0.0
1055,巷道,1053,558,0.005936,0.0,0,0.0,0.0,0.0
1058,巷道,840,772,0.051131,0.0,0,0.0,0.0,0.0
1059,巷道,1053,556,0.005679,0.0,0,0.0,0.0,0.0
1060,巷道,548,838,0.050277,0.0,0,0.0,0.0,0.0
1068,巷道,73,94,0.017241,0.0,0,0.0,0.0,0.0
1070,巷道,1069,73,0.014845,0.0,0,0.0,0.0,0.0
1073,巷道,10,16,0.034276,0.0,0,0.0,0.0,0.0
1078,巷道,572,1077,0.001848,0.0,0,0.0,0.0,0.0
1080,巷道,1077,1079,0.003661,0.0,0,0.0,0.0,0.0
1085,巷道,1084,745,0.001796,0.0,0,0.0,0.0,0.0
1088,巷道,1084,947,19.306757,0.0,0,0.0,0.0,0.0
1093,巷道,1092,1084,0.007341,0.0,0,0.0,0.0,0.0
1094,巷道,1084,967,1.001678,0.0,0,0.0,0.0,0.0
1096,巷道,1095,914,0.055845,0.0,0,0.0,0.0,0.0
1098,巷道,1097,223,0.035814,0.0,0,0.0,0.0,0.0
1099,巷道,1095,1097,15.044219,0.0,0,0.0,0.0,0.0
1101,巷道,357,596,0.010968,0.0,0,0.0,0.0,0.0
1102,巷道,596,712,0.006242,0.0,0,0.0,0.0,0.0
1104,巷道,1103,929,0.066326,0.0,0,0.0,0.0,0.0
1105,巷道,583,585,0.006015,0.0,0,0.0,0.0,0.0
1138,巷道,773,1137,0.00841,0.0,0,0.0,0.0,0.0
1140,巷道,1137,241,0.00883,0.0,0,0.0,0.0,0.0
1142,巷道,1141,556,0.001959,0.0,0,0.0,0.0,0.0
1143,巷道,241,1141,0.007889,0.0,0,0.0,0.0,0.0
1165,巷道,1164,538,0.002979,0.0,0,0.0,0.0,0.0
1166,巷道,1164,884,0.007682,0.0,1,70.7798,3.1599,-0.2
1184,巷道,534,1164,0.010592,0.0,0,0.0,0.0,0.0
1185,巷道,678,684,0.041512,0.0,0,0.0,0.0,0.0
1188,巷道,423,427,0.027752,0.0,0,0.0,0.0,0.0
1192,巷道,18,458,0.00198,0.0,0,0.0,0.0,0.0
1195,巷道,730,718,0.009663,0.0,0,0.0,0.0,0.0
1197,巷道,829,1283,0.00374,0.0,0,0.0,0.0,0.0
1202,巷道,1203,47,0.00603,0.0,0,0.0,0.0,0.0
1204,巷道,1205,1203,0.001566,0.0,0,0.0,0.0,0.0
1206,巷道,45,1205,0.010102,0.0,0,0.0,0.0,0.0
1208,巷道,1203,1214,0.015504,0.0,0,0.0,0.0,0.0
1210,巷道,1205,1214,0.01545,0.0,0,0.0,0.0,0.0
1213,巷道,1212,208,0.028092,0.0,0,0.0,0.0,0.0
1216,巷道,1214,1212,0.015395,0.0,0,0.0,0.0,0.0
1231,巷道,177,180,0.004725,0.0,0,0.0,0.0,0.0
1246,巷道,1243,1245,0.02314,0.0,0,0.0,0.0,0.0
1248,巷道,381,387,0.042919,0.0,0,0.0,0.0,0.0
1249,巷道,1245,905,0.002079,0.0,0,0.0,0.0,0.0
1262,巷道,289,1261,0.018113,0.0,0,0.0,0.0,0.0
1263,巷道,1261,250,0.00979,0.0,0,0.0,0.0,0.0
1268,巷道,1267,252,0.110902,0.0,0,0.0,0.0,0.0
1269,巷道,343,1267,0.030111,0.0,0,0.0,0.0,0.0
1281,巷道,840,773,0.029451,0.0,0,0.0,0.0,0.0
1284,巷道,1283,815,0.00821,0.0,0,0.0,0.0,0.0
1286,巷道,864,1285,0.003422,0.0,0,0.0,0.0,0.0
1287,巷道,1285,1283,0.01528,0.0,0,0.0,0.0,0.0
1293,巷道,441,1294,0.047533,0.0,0,0.0,0.0,0.0
1295,巷道,1291,1294,0.003745,0.0,0,0.0,0.0,0.0
1297,巷道,1296,139,0.004489,0.0,0,0.0,0.0,0.0
1298,巷道,1294,1296,0.004108,0.0,0,0.0,0.0,0.0
1301,巷道,1300,433,0.028021,0.0,0,0.0,0.0,0.0
1303,巷道,1300,1302,0.01245,0.0,0,0.0,0.0,0.0
1305,巷道,1304,145,0.007974,0.0,0,0.0,0.0,0.0
1306,巷道,1302,1304,0.007992,0.0,0,0.0,0.0,0.0
1315,巷道,2381,34,3.109973,0.0,0,0.0,0.0,0.0
1317,巷道,938,618,0.139768,0.0,0,0.0,0.0,0.0
1322,巷道,894,1321,0.004053,0.0,0,0.0,0.0,0.0
1323,巷道,1048,1321,0.008611,0.0,0,0.0,0.0,0.0
1333,巷道,1332,371,0.013093,0.0,0,0.0,0.0,0.0
1335,巷道,1334,836,0.073608,0.0,0,0.0,0.0,0.0
1336,巷道,1332,1334,0.05684,0.0,0,0.0,0.0,0.0
1342,巷道,779,846,0.008812,0.0,0,0.0,0.0,0.0
1343,巷道,229,237,0.002187,0.0,0,0.0,0.0,0.0
1344,巷道,848,781,0.008977,0.0,0,0.0,0.0,0.0
1350,巷道,850,783,0.011653,0.0,0,0.0,0.0,0.0
1359,巷道,1358,791,0.008363,0.0,0,0.0,0.0,0.0
1361,巷道,1358,1360,0.008778,0.0,0,0.0,0.0,0.0
1368,巷道,791,1366,0.004647,0.0,0,0.0,0.0,0.0
1369,巷道,791,809,0.007361,0.0,0,0.0,0.0,0.0
1371,巷道,1366,801,0.030085,0.0,0,0.0,0.0,0.0
1472,巷道,269,271,0.005782,0.0,0,0.0,0.0,0.0
1577,巷道,338,1579,0.0007,0.0,0,0.0,0.0,0.0
1582,巷道,1579,307,0.009666,0.0,0,0.0,0.0,0.0
1594,巷道,59,1595,0.014336,0.0,0,0.0,0.0,0.0
1597,巷道,1595,100,0.020516,0.0,0,0.0,0.0,0.0
1600,巷道,484,1579,0.018345,0.0,0,0.0,0.0,0.0
2059,巷道,2058,484,0.011412,0.0,0,0.0,0.0,0.0
2060,巷道,2058,429,0.825048,0.0,0,0.0,0.0,0.0
2063,巷道,453,2058,0.018731,0.0,0,0.0,0.0,0.0
2087,巷道,929,950,4.397119,0.0,0,0.0,0.0,0.0
2088,巷道,707,703,0.057536,0.0,0,0.0,0.0,0.0
2090,巷道,2089,716,0.002764,0.0,0,0.0,0.0,0.0
2091,巷道,2089,707,0.703605,0.0,0,0.0,0.0,0.0
2195,巷道,445,2209,0.00254,0.0,0,0.0,0.0,0.0
2210,巷道,2194,2209,0.100626,0.0,0,0.0,0.0,0.0
2212,巷道,2211,141,0.003714,0.0,0,0.0,0.0,0.0
2216,巷道,2209,2211,0.107712,0.0,0,0.0,0.0,0.0
2224,巷道,2225,1291,0.003353,0.0,0,0.0,0.0,0.0
2231,巷道,441,2232,0.015102,0.0,0,0.0,0.0,0.0
2234,巷道,2232,2225,0.016657,0.0,0,0.0,0.0,0.0
2245,巷道,433,2503,0.004638,0.0,0,0.0,0.0,0.0
2254,巷道,2225,2605,0.088254,0.0,0,0.0,0.0,0.0
2267,巷道,2266,16,0.010413,0.0,0,0.0,0.0,0.0
2282,巷道,231,2427,0.001265,0.0,0,0.0,0.0,0.0
2284,巷道,769,2286,0.034238,0.0,0,0.0,0.0,0.0
2288,巷道,2286,2281,0.00811,0.0,0,0.0,0.0,0.0
2301,巷道,1360,2300,0.017843,0.0,0,0.0,0.0,0.0
2308,巷道,2300,2306,0.003192,0.0,0,0.0,0.0,0.0
2310,巷道,2309,813,0.004398,0.0,0,0.0,0.0,0.0
2316,巷道,2306,2309,0.003352,0.0,0,0.0,0.0,0.0
2328,巷道,2300,2327,0.005379,0.0,0,0.0,0.0,0.0
2330,巷道,2327,2329,0.003511,0.0,0,0.0,0.0,0.0
2331,巷道,2329,2306,0.005586,0.0,0,0.0,0.0,0.0
2342,巷道,271,279,0.016668,0.0,0,0.0,0.0,0.0
2353,巷道,279,1261,0.022003,0.0,0,0.0,0.0,0.0
2359,巷道,273,2358,0.059408,0.0,0,0.0,0.0,0.0
2367,巷道,2358,2366,0.007489,0.0,0,0.0,0.0,0.0
2369,巷道,2366,2368,0.042504,0.0,0,0.0,0.0,0.0
2370,巷道,2368,277,0.024227,0.0,0,0.0,0.0,0.0
2379,巷道,583,2378,0.044819,0.0,0,0.0,0.0,0.0
2382,巷道,2381,36,3.041309,0.0,0,0.0,0.0,0.0
2383,巷道,2378,2381,0.012401,0.0,0,0.0,0.0,0.0
2428,巷道,2281,2427,0.003593,0.0,0,0.0,0.0,0.0
2430,巷道,2429,852,0.019013,0.0,0,0.0,0.0,0.0
2431,巷道,2427,2429,0.008504,0.0,0,0.0,0.0,0.0
2461,巷道,2460,819,0.0051,0.0,0,0.0,0.0,0.0
2466,巷道,2464,2467,0.001305,0.0,0,0.0,0.0,0.0
2468,巷道,2467,2465,0.012371,0.0,0,0.0,0.0,0.0
2469,巷道,2460,2473,0.007099,0.0,0,0.0,0.0,0.0
2474,巷道,2473,2467,0.001566,0.0,0,0.0,0.0,0.0
2475,巷道,2473,2464,0.000783,0.0,0,0.0,0.0,0.0
2479,巷道,2478,564,0.00186,0.0,0,0.0,0.0,0.0
2480,巷道,2465,2478,0.015921,0.0,0,0.0,0.0,0.0
2482,巷道,2266,53,0.007133,0.0,0,0.0,0.0,0.0
2504,巷道,2503,445,0.001134,0.0,0,0.0,0.0,0.0
2505,巷道,2503,141,0.015308,0.0,0,0.0,0.0,0.0
2530,巷道,2529,237,0.022684,0.0,0,0.0,0.0,0.0
2532,巷道,2527,2529,0.025688,0.0,0,0.0,0.0,0.0
2536,巷道,2286,2539,0.005289,0.0,0,0.0,0.0,0.0
2542,巷道,2539,2547,0.007757,0.0,0,0.0,0.0,0.0
2549,巷道,2547,2281,0.002885,0.0,0,0.0,0.0,0.0
2558,巷道,2557,133,0.00616,0.0,0,0.0,0.0,0.0
2561,巷道,2559,2557,0.547641,0.0,0,0.0,0.0,0.0
2587,巷道,2586,2311,0.022685,0.0,0,0.0,0.0,0.0
2590,巷道,2589,2586,0.025688,0.0,0,0.0,0.0,0.0
2592,巷道,2591,862,0.020477,0.0,0,0.0,0.0,0.0
2593,巷道,2591,2589,0.092518,0.0,0,0.0,0.0,0.0
2595,巷道,2311,2594,0.008041,0.0,0,0.0,0.0,0.0
2596,巷道,2594,813,0.01528,0.0,0,0.0,0.0,0.0
2606,巷道,2605,2253,0.088255,0.0,0,0.0,0.0,0.0
3000,巷道,2605,2608,0.112894,0.0,0,0.0,0.0,0.0
3001,巷道,2607,2609,0.093234,0.0,0,0.0,0.0,0.0
3002,巷道,2611,2615,0.023769,0.0,0,0.0,0.0,0.0
3003,巷道,2613,2684,0.001901,0.0,0,0.0,0.0,0.0
3004,巷道,2615,3194,0.001969,0.0,0,0.0,0.0,0.0
3005,巷道,2615,2617,0.002925,0.0,0,0.0,0.0,0.0
3006,巷道,2617,2621,0.00178,0.0,0,0.0,0.0,0.0
3007,巷道,2621,2634,0.000279,0.0,0,0.0,0.0,0.0
3008,巷道,2670,2621,0.06404,0.0,0,0.0,0.0,0.0
3009,巷道,2623,2625,0.003626,0.0,0,0.0,0.0,0.0
3010,巷道,2625,2619,0.044991,0.0,0,0.0,0.0,0.0
3011,巷道,2619,2628,0.003254,0.0,0,0.0,0.0,0.0
3012,巷道,2628,2630,0.014134,0.0,0,0.0,0.0,0.0
3013,巷道,2630,3175,0.043799,0.0,0,0.0,0.0,0.0
3014,巷道,2634,2636,0.000954,0.0,0,0.0,0.0,0.0
3015,巷道,2636,2638,0.000572,0.0,0,0.0,0.0,0.0
3016,巷道,2638,2594,0.001145,0.0,0,0.0,0.0,0.0
3017,巷道,2634,2640,0.001145,0.0,0,0.0,0.0,0.0
3018,巷道,2640,2642,0.000827,0.0,0,0.0,0.0,0.0
3019,巷道,2642,2650,0.000191,0.0,0,0.0,0.0,0.0
3020,巷道,2644,2638,0.001145,0.0,0,0.0,0.0,0.0
3021,巷道,2636,2642,0.001081,0.0,0,0.0,0.0,0.0
3022,巷道,2648,2644,0.000127,0.0,0,0.0,0.0,0.0
3023,巷道,2650,2648,0.000445,0.0,0,0.0,0.0,0.0
3024,巷道,2648,2652,0.001145,0.0,0,0.0,0.0,0.0
3025,巷道,2652,2654,0.001208,0.0,0,0.0,0.0,0.0
3026,巷道,2654,2656,0.000827,0.0,0,0.0,0.0,0.0
3027,巷道,2658,2619,0.002226,0.0,0,0.0,0.0,0.0
3028,巷道,2656,2658,0.001399,0.0,0,0.0,0.0,0.0
3029,巷道,2650,2661,0.002353,0.0,0,0.0,0.0,0.0
3030,巷道,2661,2663,0.002035,0.0,0,0.0,0.0,0.0
3031,巷道,2663,2665,0.001717,0.0,0,0.0,0.0,0.0
3032,巷道,2665,2656,0.000509,0.0,0,0.0,0.0,0.0
3033,巷道,2670,2623,0.003998,0.0,0,0.0,0.0,0.0
3034,巷道,2668,2670,0.001209,0.0,0,0.0,0.0,0.0
3035,巷道,2613,2675,0.001145,0.0,0,0.0,0.0,0.0
3036,巷道,2675,2677,0.124504,0.0,0,0.0,0.0,0.0
3037,巷道,2677,2679,0.002035,0.0,0,0.0,0.0,0.0
3038,巷道,2679,2681,0.001844,0.0,0,0.0,0.0,0.0
3039,巷道,2681,2673,0.008521,0.0,0,0.0,0.0,0.0
3040,巷道,2684,2609,0.007063,0.0,0,0.0,0.0,0.0
3041,巷道,2684,2677,0.001971,0.0,0,0.0,0.0,0.0
3042,巷道,2673,2693,0.000837,0.0,0,0.0,0.0,0.0
3043,巷道,2693,2695,0.01373,0.0,0,0.0,0.0,0.0
3044,巷道,2695,2697,0.051979,0.0,0,0.0,0.0,0.0
3045,巷道,2693,2699,0.001395,0.0,0,0.0,0.0,0.0
3046,巷道,2699,2701,0.003162,0.0,0,0.0,0.0,0.0
3047,巷道,2701,2286,0.015712,0.0,0,0.0,0.0,0.0
3048,巷道,2609,2704,0.009264,0.0,0,0.0,0.0,0.0
3049,巷道,2704,2697,0.002946,0.0,0,0.0,0.0,0.0
3050,巷道,2697,2707,0.007439,0.0,0,0.0,0.0,0.0
3051,巷道,2707,2709,0.068506,0.0,0,0.0,0.0,0.0
3052,巷道,2704,2711,0.005125,0.0,0,0.0,0.0,0.0
3053,巷道,2711,2713,0.035677,0.0,0,0.0,0.0,0.0
3054,巷道,2707,2711,0.226738,0.0,0,0.0,0.0,0.0
3055,巷道,2709,2713,0.002639,0.0,0,0.0,0.0,0.0
3056,巷道,2709,2717,0.052553,0.0,0,0.0,0.0,0.0
3057,巷道,2717,2719,0.042693,0.0,0,0.0,0.0,0.0
3058,巷道,2713,2721,0.018069,0.0,0,0.0,0.0,0.0
3059,巷道,2721,2723,0.018134,0.0,0,0.0,0.0,0.0
3060,巷道,2721,2717,0.002701,0.0,0,0.0,0.0,0.0
3061,巷道,2719,2723,0.092121,0.0,0,0.0,0.0,0.0
3062,巷道,2719,2727,0.014695,0.0,0,0.0,0.0,0.0
3063,巷道,2727,2729,0.002169,0.0,0,0.0,0.0,0.0
3064,巷道,2729,2731,0.005485,0.0,0,0.0,0.0,0.0
3065,巷道,2731,2733,0.00121,0.0,0,0.0,0.0,0.0
3066,巷道,2735,2733,0.002701,0.0,0,0.0,0.0,0.0
3067,巷道,2737,2735,0.001841,0.0,0,0.0,0.0,0.0
3068,巷道,2739,2737,0.00135,0.0,0,0.0,0.0,0.0
3069,巷道,2723,2306,0.007621,0.0,0,0.0,0.0,0.0
3070,巷道,2742,2737,0.005296,0.0,0,0.0,0.0,0.0
3071,巷道,2770,2742,0.015545,0.0,0,0.0,0.0,0.0
3072,巷道,2744,3154,0.009225,0.0,0,0.0,0.0,0.0
3073,巷道,2746,2748,0.007175,0.0,0,0.0,0.0,0.0
3074,巷道,2748,3156,0.002142,0.0,0,0.0,0.0,0.0
3075,巷道,2750,3148,0.187708,0.0,0,0.0,0.0,0.0
3076,巷道,2752,2727,0.006782,0.0,0,0.0,0.0,0.0
3077,巷道,2752,2755,0.004105,0.0,0,0.0,0.0,0.0
3078,巷道,2755,2729,0.595628,0.0,0,0.0,0.0,0.0
3079,巷道,2739,2742,0.006321,0.0,0,0.0,0.0,0.0
3080,巷道,2731,2759,0.013153,0.0,0,0.0,0.0,0.0
3081,巷道,2761,2759,1.798969,0.0,0,0.0,0.0,0.0
3082,巷道,2763,2761,0.00232,0.0,0,0.0,0.0,0.0
3083,巷道,2765,2763,0.001071,0.0,0,0.0,0.0,0.0
3084,巷道,2775,2767,0.007004,0.0,0,0.0,0.0,0.0
3085,巷道,2767,2765,0.003034,0.0,0,0.0,0.0,0.0
3086,巷道,2767,2770,0.006833,0.0,0,0.0,0.0,0.0
3087,巷道,2770,2759,0.003034,0.0,0,0.0,0.0,0.0
3088,巷道,2773,2778,0.002499,0.0,0,0.0,0.0,0.0
3089,巷道,2800,2775,0.009054,0.0,0,0.0,0.0,0.0
3090,巷道,2773,2775,0.230237,0.0,0,0.0,0.0,0.0
3091,巷道,2778,2752,0.018562,0.0,0,0.0,0.0,0.0
3092,巷道,2780,2763,0.006961,0.0,0,0.0,0.0,0.0
3093,巷道,2782,2780,0.002677,0.0,0,0.0,0.0,0.0
3094,巷道,2784,2782,0.012315,0.0,0,0.0,0.0,0.0
3095,巷道,2786,2784,0.003748,0.0,0,0.0,0.0,0.0
3096,巷道,2778,2786,2.437139,0.0,0,0.0,0.0,0.0
3097,巷道,2789,2761,0.010173,0.0,0,0.0,0.0,0.0
3098,巷道,2791,2789,0.007318,0.0,0,0.0,0.0,0.0
3099,巷道,2786,2791,0.017669,0.0,0,0.0,0.0,0.0
3100,巷道,2759,2794,0.011601,0.0,0,0.0,0.0,0.0
3101,巷道,2794,2796,0.00464,0.0,0,0.0,0.0,0.0
3102,巷道,2796,2798,0.011958,0.0,0,0.0,0.0,0.0
3103,巷道,2800,2744,0.059959,0.0,0,0.0,0.0,0.0
3104,巷道,2802,2800,4.9e-05,0.0,0,0.0,0.0,0.0
3105,巷道,2808,2802,0.000312,0.0,0,0.0,0.0,0.0
3106,巷道,2735,2810,0.002394,0.0,0,0.0,0.0,0.0
3107,巷道,2810,2812,0.002639,0.0,0,0.0,0.0,0.0
3108,巷道,2812,2814,0.003499,0.0,0,0.0,0.0,0.0
3109,巷道,2810,2816,0.003315,0.0,0,0.0,0.0,0.0
3110,巷道,2816,2818,0.000491,0.0,0,0.0,0.0,0.0
3111,巷道,2818,2820,0.001166,0.0,0,0.0,0.0,0.0
3112,巷道,2820,2822,0.00135,0.0,0,0.0,0.0,0.0
3113,巷道,2822,2824,0.001228,0.0,0,0.0,0.0,0.0
3114,巷道,2824,2826,0.000368,0.0,0,0.0,0.0,0.0
3115,巷道,2826,2828,8.551128,0.0,0,0.0,0.0,0.0
3116,巷道,2812,2828,0.001412,0.0,0,0.0,0.0,0.0
3117,巷道,2798,2831,0.001428,0.0,0,0.0,0.0,0.0
3118,巷道,2831,2833,0.010709,0.0,0,0.0,0.0,0.0
3119,巷道,2828,2835,0.00135,0.0,0,0.0,0.0,0.0
3120,巷道,2835,2846,0.002885,0.0,0,0.0,0.0,0.0
3121,巷道,2733,2838,0.019632,0.0,0,0.0,0.0,0.0
3122,巷道,2838,2840,0.002824,0.0,0,0.0,0.0,0.0
3123,巷道,2814,2842,0.003928,0.0,0,0.0,0.0,0.0
3124,巷道,2842,2840,0.000491,0.0,0,0.0,0.0,0.0
3125,巷道,2842,2833,0.166816,0.0,0,0.0,0.0,0.0
3126,巷道,2846,2831,0.003744,0.0,0,0.0,0.0,0.0
3127,巷道,2848,2846,0.000552,0.0,0,0.0,0.0,0.0
3128,巷道,2814,2848,0.002087,0.0,0,0.0,0.0,0.0
3129,巷道,2833,3237,0.135116,0.0,0,0.0,0.0,0.0
3130,巷道,2838,2853,0.031262,0.0,0,0.0,0.0,0.0
3131,巷道,2840,2855,0.016385,0.0,0,0.0,0.0,0.0
3132,巷道,2853,2855,0.003192,0.0,0,0.0,0.0,0.0
3133,巷道,2855,2858,0.007589,0.0,0,0.0,0.0,0.0
3134,巷道,2858,2860,0.006191,0.0,0,0.0,0.0,0.0
3135,巷道,2853,2862,0.020873,0.0,0,0.0,0.0,0.0
3136,巷道,2862,2860,0.59208,0.0,0,0.0,0.0,0.0
3137,巷道,2858,2865,0.007998,0.0,0,0.0,0.0,0.0
3138,巷道,2865,2867,0.267176,0.0,0,0.0,0.0,0.0
3139,巷道,2851,2869,0.021992,0.0,0,0.0,0.0,0.0
3140,巷道,2869,2871,0.0005,0.0,0,0.0,0.0,0.0
3141,巷道,2871,2873,0.000193,0.0,0,0.0,0.0,0.0
3142,巷道,2875,2876,0.002151,0.0,0,0.0,0.0,0.0
3143,巷道,2876,2873,0.000853,0.0,0,0.0,0.0,0.0
3144,巷道,2873,2879,0.002656,0.0,0,0.0,0.0,0.0
3145,巷道,2860,2883,0.002983,0.0,0,0.0,0.0,0.0
3146,巷道,2883,2885,0.000357,0.0,0,0.0,0.0,0.0
3147,巷道,2883,2901,0.05532,0.0,0,0.0,0.0,0.0
3148,巷道,2887,2889,0.000309,0.0,0,0.0,0.0,0.0
3149,巷道,2885,2899,0.001383,0.0,0,0.0,0.0,0.0
3150,巷道,2893,2895,0.000509,0.0,0,0.0,0.0,0.0
3151,巷道,2895,2897,0.053321,0.0,0,0.0,0.0,0.0
3152,巷道,2899,2893,0.000983,0.0,0,0.0,0.0,0.0
3153,巷道,2901,2887,0.000946,0.0,0,0.0,0.0,0.0
3154,巷道,2903,2904,0.000673,0.0,0,0.0,0.0,0.0
3155,巷道,2904,2899,0.000237,0.0,0,0.0,0.0,0.0
3156,巷道,2899,2901,0.000564,0.0,0,0.0,0.0,0.0
3157,巷道,2862,2903,0.019784,0.0,0,0.0,0.0,0.0
3158,巷道,2903,2909,0.00963,0.0,0,0.0,0.0,0.0
3159,巷道,2885,2933,0.00125,0.0,0,0.0,0.0,0.0
3160,巷道,2911,3135,0.010265,0.0,0,0.0,0.0,0.0
3161,巷道,2913,2915,0.07103,0.0,0,0.0,0.0,0.0
3162,巷道,2909,3133,0.00559,0.0,0,0.0,0.0,0.0
3163,巷道,2915,2918,0.162915,0.0,0,0.0,0.0,0.0
3164,巷道,2918,2920,0.029104,0.0,0,0.0,0.0,0.0
3165,巷道,2920,2922,0.07687,0.0,0,0.0,0.0,0.0
3166,巷道,2922,2924,0.033497,0.0,0,0.0,0.0,0.0
3167,巷道,2924,2926,0.000546,0.0,0,0.0,0.0,0.0
3168,巷道,2926,2893,0.002238,0.0,0,0.0,0.0,0.0
3169,巷道,2875,2869,0.000408,0.0,0,0.0,0.0,0.0
3170,巷道,2930,2897,0.001098,0.0,0,0.0,0.0,0.0
3171,巷道,2897,2962,0.000342,0.0,0,0.0,0.0,0.0
3172,巷道,2933,2911,0.001565,0.0,0,0.0,0.0,0.0
3173,巷道,2933,2867,5.497049,0.0,0,0.0,0.0,0.0
3174,巷道,2867,2936,0.003021,0.0,0,0.0,0.0,0.0
3175,巷道,2936,2930,0.016639,0.0,1,74.3458,3.326,-0.2
3176,巷道,2939,2936,0.020262,0.0,0,0.0,0.0,0.0
3177,巷道,2941,2939,0.045636,0.0,0,0.0,0.0,0.0
3178,巷道,2911,2943,0.000494,0.0,0,0.0,0.0,0.0
3179,巷道,2943,2945,0.007318,0.0,0,0.0,0.0,0.0
3180,巷道,2945,2947,0.004065,0.0,0,0.0,0.0,0.0
3181,巷道,2947,2949,0.003455,0.0,0,0.0,0.0,0.0
3182,巷道,2949,2939,0.57854,0.0,0,0.0,0.0,0.0
3183,巷道,2909,2952,0.001501,0.0,0,0.0,0.0,0.0
3184,巷道,2952,2954,0.010163,0.0,0,0.0,0.0,0.0
3185,巷道,2954,2945,0.002947,0.0,0,0.0,0.0,0.0
3186,巷道,2943,2957,0.000315,0.0,0,0.0,0.0,0.0
3187,巷道,2957,2959,0.000893,0.0,0,0.0,0.0,0.0
3188,巷道,2959,2930,0.001686,0.0,0,0.0,0.0,0.0
3189,巷道,2962,2875,0.001545,0.0,0,0.0,0.0,0.0
3190,巷道,2889,2962,0.000528,0.0,0,0.0,0.0,0.0
3191,巷道,2952,2965,0.003457,0.0,0,0.0,0.0,0.0
3192,巷道,2967,2965,0.000462,0.0,0,0.0,0.0,0.0
3193,巷道,2967,2969,9.5e-05,0.0,0,0.0,0.0,0.0
3194,巷道,2969,2971,0.000273,0.0,0,0.0,0.0,0.0
3195,巷道,2971,2973,0.583496,0.0,0,0.0,0.0,0.0
3196,巷道,2973,2975,0.882513,0.0,0,0.0,0.0,0.0
3197,巷道,2975,2959,0.001054,0.0,0,0.0,0.0,0.0
3198,巷道,2957,2967,0.000452,0.0,0,0.0,0.0,0.0
3199,巷道,2969,2979,0.000767,0.0,0,0.0,0.0,0.0
3200,巷道,2979,2973,0.000252,0.0,0,0.0,0.0,0.0
3201,巷道,2965,2982,0.003317,0.0,0,0.0,0.0,0.0
3202,巷道,2979,2984,0.00041,0.0,0,0.0,0.0,0.0
3203,巷道,2984,3000,0.003808,0.0,0,0.0,0.0,0.0
3204,巷道,2982,2998,0.006477,0.0,0,0.0,0.0,0.0
3205,巷道,2988,2990,0.002699,0.0,0,0.0,0.0,0.0
3206,巷道,2986,2992,0.0017,0.0,0,0.0,0.0,0.0
3207,巷道,2992,2990,0.001442,0.0,0,0.0,0.0,0.0
3208,巷道,2990,2995,0.056855,0.0,0,0.0,0.0,0.0
3209,巷道,2995,2918,0.077943,0.0,0,0.0,0.0,0.0
3210,巷道,2998,2988,0.001035,0.0,0,0.0,0.0,0.0
3211,巷道,3000,2986,0.001146,0.0,0,0.0,0.0,0.0
3212,巷道,3000,2998,0.001405,0.0,0,0.0,0.0,0.0
3213,巷道,2986,2988,0.001109,0.0,0,0.0,0.0,0.0
3214,巷道,2982,3004,0.005674,0.0,0,0.0,0.0,0.0
3215,巷道,3006,3004,0.002366,0.0,0,0.0,0.0,0.0
3216,巷道,2984,3010,0.000494,0.0,0,0.0,0.0,0.0
3217,巷道,3010,3012,0.002107,0.0,0,0.0,0.0,0.0
3218,巷道,3012,3014,0.000776,0.0,0,0.0,0.0,0.0
3219,巷道,3014,3008,0.000961,0.0,0,0.0,0.0,0.0
3220,巷道,3008,3017,0.000333,0.0,0,0.0,0.0,0.0
3221,巷道,3017,2941,23.06544,0.0,0,0.0,0.0,0.0
3222,巷道,3012,3006,0.001664,0.0,0,0.0,0.0,0.0
3223,巷道,3010,3021,0.001943,0.0,0,0.0,0.0,0.0
3224,巷道,3004,3023,0.006285,0.0,0,0.0,0.0,0.0
3225,巷道,3023,3025,0.002809,0.0,0,0.0,0.0,0.0
3226,巷道,3021,3027,0.003808,0.0,0,0.0,0.0,0.0
3227,巷道,3027,3025,0.001331,0.0,0,0.0,0.0,0.0
3228,巷道,3025,3030,0.000259,0.0,0,0.0,0.0,0.0
3229,巷道,3023,3036,0.19585,0.0,0,0.0,0.0,0.0
3230,巷道,3036,3053,0.001072,0.0,0,0.0,0.0,0.0
3231,巷道,3038,3040,0.001072,0.0,0,0.0,0.0,0.0
3232,巷道,3040,3042,0.000518,0.0,0,0.0,0.0,0.0
3233,巷道,3021,3044,0.006767,0.0,0,0.0,0.0,0.0
3234,巷道,3044,3051,0.001922,0.0,0,0.0,0.0,0.0
3235,巷道,3042,3047,0.000961,0.0,0,0.0,0.0,0.0
3236,巷道,3051,3058,0.000702,0.0,0,0.0,0.0,0.0
3237,巷道,3053,3038,0.003068,0.0,0,0.0,0.0,0.0
3238,巷道,3051,3053,0.001109,0.0,0,0.0,0.0,0.0
3239,巷道,3036,3056,0.001641,0.0,0,0.0,0.0,0.0
3240,巷道,3058,3042,0.00207,0.0,0,0.0,0.0,0.0
3241,巷道,3056,3058,0.00122,0.0,0,0.0,0.0,0.0
3242,巷道,3044,3061,0.002275,0.0,0,0.0,0.0,0.0
3243,巷道,3061,3063,0.002246,0.0,0,0.0,0.0,0.0
3244,巷道,3063,3065,0.0014,0.0,0,0.0,0.0,0.0
3245,巷道,3065,3067,0.000613,0.0,0,0.0,0.0,0.0
3246,巷道,3067,3069,0.000583,0.0,0,0.0,0.0,0.0
3247,巷道,3069,3071,0.000758,0.0,0,0.0,0.0,0.0
3248,巷道,3071,3073,0.000342,0.0,0,0.0,0.0,0.0
3249,巷道,3073,3228,0.000193,0.0,0,0.0,0.0,0.0
3250,巷道,3065,3076,0.007006,0.0,0,0.0,0.0,0.0
3251,巷道,3076,2941,0.126682,0.0,0,0.0,0.0,0.0
3252,巷道,3056,3080,0.497994,0.0,0,0.0,0.0,0.0
3253,巷道,3080,3071,0.000263,0.0,0,0.0,0.0,0.0
3254,巷道,3061,3082,0.001488,0.0,0,0.0,0.0,0.0
3255,巷道,3082,3084,0.198669,0.0,0,0.0,0.0,0.0
3256,巷道,3086,3084,0.000496,0.0,0,0.0,0.0,0.0
3257,巷道,3063,3086,0.000729,0.0,0,0.0,0.0,0.0
3258,巷道,3089,3069,0.00035,0.0,0,0.0,0.0,0.0
3259,巷道,3089,3080,0.000583,0.0,0,0.0,0.0,0.0
3260,巷道,3082,3092,0.001517,0.0,0,0.0,0.0,0.0
3261,巷道,3092,3094,0.001633,0.0,0,0.0,0.0,0.0
3262,巷道,3094,3096,0.00105,0.0,0,0.0,0.0,0.0
3263,巷道,3096,3089,0.143755,0.0,0,0.0,0.0,0.0
3264,巷道,3084,3099,0.001079,0.0,0,0.0,0.0,0.0
3265,巷道,3099,3101,0.000992,0.0,0,0.0,0.0,0.0
3266,巷道,3101,3103,0.001021,0.0,0,0.0,0.0,0.0
3267,巷道,3103,3089,0.001021,0.0,0,0.0,0.0,0.0
3268,巷道,3106,3109,0.00967,0.0,0,0.0,0.0,0.0
3269,巷道,3047,3106,0.083488,0.0,0,0.0,0.0,0.0
3270,巷道,3109,2975,0.001932,0.0,0,0.0,0.0,0.0
3271,巷道,3030,3111,0.000444,0.0,0,0.0,0.0,0.0
3272,巷道,3111,3109,0.020406,0.0,0,0.0,0.0,0.0
3273,巷道,3133,2915,0.00559,0.0,0,0.0,0.0,0.0
3274,巷道,3135,2913,0.003557,0.0,0,0.0,0.0,0.0
3275,巷道,3135,3133,0.000228,0.0,0,0.0,0.0,0.0
3276,巷道,3148,2773,0.008567,0.0,0,0.0,0.0,0.0
3277,巷道,3154,2746,0.003587,0.0,0,0.0,0.0,0.0
3278,巷道,3156,2750,0.008924,0.0,0,0.0,0.0,0.0
3279,巷道,3154,3156,0.007516,0.0,0,0.0,0.0,0.0
3280,巷道,3175,2673,0.000744,0.0,0,0.0,0.0,0.0
3281,巷道,3194,3196,0.00159,0.0,0,0.0,0.0,0.0
3282,巷道,3196,2613,0.005841,0.0,0,0.0,0.0,0.0
3283,巷道,3194,3198,0.000475,0.0,0,0.0,0.0,0.0
3284,巷道,3198,3200,0.001698,0.0,0,0.0,0.0,0.0
3285,巷道,3200,3196,0.000475,0.0,0,0.0,0.0,0.0
3286,巷道,3228,3106,0.001853,0.0,0,0.0,0.0,0.0
3287,巷道,3027,3230,0.001331,0.0,0,0.0,0.0,0.0
3288,巷道,3230,3232,0.001516,0.0,0,0.0,0.0,0.0
3289,巷道,3232,3030,0.00159,0.0,0,0.0,0.0,0.0
3290,巷道,2668,2607,0.203449,0.0,0,0.0,0.0,0.0
3291,巷道,3237,2851,0.216955,0.0,0,0.0,0.0,0.0
3292,巷道,3006,3008,0.002144,0.0,0,0.0,0.0,0.0
