instance_id,a2_Pa_s2_m6,r_N_s2_m8,method,node_id,p_Pa
inst_01_01,-0.8,0.1,loop,5,0.0
inst_01_01,-0.8,0.1,loop,3,0.0
inst_01_01,-0.8,0.1,loop,2,0.0
inst_01_01,-0.8,0.1,loop,4,0.0
inst_01_01,-0.8,0.1,loop,1,0.0
inst_01_01,-0.8,0.1,loop,6,0.0
inst_01_01,-0.8,0.1,node,5,61.562822508644665
inst_01_01,-0.8,0.1,node,3,56.62152370134107
inst_01_01,-0.8,0.1,node,2,184.75171369070932
inst_01_01,-0.8,0.1,node,4,59.092173104988106
inst_01_01,-0.8,0.1,node,1,0.0
inst_01_01,-0.8,0.1,node,6,75.96282250864466
inst_01_01,-0.8,0.1,dcp,5,61.56282250839871
inst_01_01,-0.8,0.1,dcp,3,56.621523701073336
inst_01_01,-0.8,0.1,dcp,2,184.75171369023582
inst_01_01,-0.8,0.1,dcp,4,59.09217310473594
inst_01_01,-0.8,0.1,dcp,1,0.0
inst_01_01,-0.8,0.1,dcp,6,75.96282250884352
inst_01_02,-0.8,0.12584989506418265,loop,5,0.0
inst_01_02,-0.8,0.12584989506418265,loop,3,0.0
inst_01_02,-0.8,0.12584989506418265,loop,2,0.0
inst_01_02,-0.8,0.12584989506418265,loop,4,0.0
inst_01_02,-0.8,0.12584989506418265,loop,1,0.0
inst_01_02,-0.8,0.12584989506418265,loop,6,0.0
inst_01_02,-0.8,0.12584989506418265,node,5,71.21771075066601
inst_01_02,-0.8,0.12584989506418265,node,3,64.99909138686674
inst_01_02,-0.8,0.12584989506418265,node,2,216.7627864949667
inst_01_02,-0.8,0.12584989506418265,node,4,68.10840106876039
inst_01_02,-0.8,0.12584989506418265,node,1,0.0
inst_01_02,-0.8,0.12584989506418265,node,6,89.34009563990831
inst_01_02,-0.8,0.12584989506418265,dcp,5,71.2177107711997
inst_01_02,-0.8,0.12584989506418265,dcp,3,64.99909140735421
inst_01_02,-0.8,0.12584989506418265,dcp,2,216.7627863892537
inst_01_02,-0.8,0.12584989506418265,dcp,4,68.10840108929438
inst_01_02,-0.8,0.12584989506418265,dcp,1,0.0
inst_01_02,-0.8,0.12584989506418265,dcp,6,89.34009566100178
inst_01_03,-0.8,0.15838196087665787,loop,5,0.0
inst_01_03,-0.8,0.15838196087665787,loop,3,0.0
inst_01_03,-0.8,0.15838196087665787,loop,2,0.0
inst_01_03,-0.8,0.15838196087665787,loop,4,0.0
inst_01_03,-0.8,0.15838196087665787,loop,1,0.0
inst_01_03,-0.8,0.15838196087665787,loop,6,0.0
inst_01_03,-0.8,0.15838196087665787,node,5,81.05833710494284
inst_01_03,-0.8,0.15838196087665787,node,3,73.23221116116049
inst_01_03,-0.8,0.15838196087665787,node,2,251.0077620925257
inst_01_03,-0.8,0.15838196087665787,node,4,77.14527413304413
inst_01_03,-0.8,0.15838196087665787,node,1,0.0
inst_01_03,-0.8,0.15838196087665787,node,6,103.86533947118157
inst_01_03,-0.8,0.15838196087665787,dcp,5,81.05833711814765
inst_01_03,-0.8,0.15838196087665787,dcp,3,73.23221117430076
inst_01_03,-0.8,0.15838196087665787,dcp,2,251.00776204505263
inst_01_03,-0.8,0.15838196087665787,dcp,4,77.14527414622412
inst_01_03,-0.8,0.15838196087665787,dcp,1,0.0
inst_01_03,-0.8,0.15838196087665787,dcp,6,103.86533948509086
inst_01_04,-0.8,0.19932353156386884,loop,5,0.0
inst_01_04,-0.8,0.19932353156386884,loop,3,0.0
inst_01_04,-0.8,0.19932353156386884,loop,2,0.0
inst_01_04,-0.8,0.19932353156386884,loop,4,0.0
inst_01_04,-0.8,0.19932353156386884,loop,1,0.0
inst_01_04,-0.8,0.19932353156386884,loop,6,0.0
inst_01_04,-0.8,0.19932353156386884,node,5,90.59642556245997
inst_01_04,-0.8,0.19932353156386884,node,3,80.74725427474169
inst_01_04,-0.8,0.19932353156386884,node,2,286.4811604820867
inst_01_04,-0.8,0.19932353156386884,node,4,85.67183991849612
inst_01_04,-0.8,0.19932353156386884,node,1,0.0
inst_01_04,-0.8,0.19932353156386884,node,6,119.29901410765709
inst_01_04,-0.8,0.19932353156386884,dcp,5,90.59642556777487
inst_01_04,-0.8,0.19932353156386884,dcp,3,80.74725427987156
inst_01_04,-0.8,0.19932353156386884,dcp,2,286.48116046563985
inst_01_04,-0.8,0.19932353156386884,dcp,4,85.67183992382313
inst_01_04,-0.8,0.19932353156386884,dcp,1,0.0
inst_01_04,-0.8,0.19932353156386884,dcp,6,119.29901411385859
inst_01_05,-0.8,0.2508484553113519,loop,5,0.0
inst_01_05,-0.8,0.2508484553113519,loop,3,0.0
inst_01_05,-0.8,0.2508484553113519,loop,2,0.0
inst_01_05,-0.8,0.2508484553113519,loop,4,0.0
inst_01_05,-0.8,0.2508484553113519,loop,1,0.0
inst_01_05,-0.8,0.2508484553113519,loop,6,0.0
inst_01_05,-0.8,0.2508484553113519,node,5,99.26382016192258
inst_01_05,-0.8,0.2508484553113519,node,3,86.86864843163752
inst_01_05,-0.8,0.2508484553113519,node,2,321.8931255060811
inst_01_05,-0.8,0.2508484553113519,node,4,93.06623429664826
inst_01_05,-0.8,0.2508484553113519,node,1,0.0
inst_01_05,-0.8,0.2508484553113519,node,6,135.38599772675724
inst_01_05,-0.8,0.2508484553113519,dcp,5,99.26382016331071
inst_01_05,-0.8,0.2508484553113519,dcp,3,86.86864843282726
inst_01_05,-0.8,0.2508484553113519,dcp,2,321.8931255028655
inst_01_05,-0.8,0.2508484553113519,dcp,4,93.0662342980689
inst_01_05,-0.8,0.2508484553113519,dcp,1,0.0
inst_01_05,-0.8,0.2508484553113519,dcp,6,135.38599772926116
inst_01_06,-0.8,0.31569251777945956,loop,5,0.0
inst_01_06,-0.8,0.31569251777945956,loop,3,0.0
inst_01_06,-0.8,0.31569251777945956,loop,2,0.0
inst_01_06,-0.8,0.31569251777945956,loop,4,0.0
inst_01_06,-0.8,0.31569251777945956,loop,1,0.0
inst_01_06,-0.8,0.31569251777945956,loop,6,0.0
inst_01_06,-0.8,0.31569251777945956,node,5,0.0
inst_01_06,-0.8,0.31569251777945956,node,3,0.0
inst_01_06,-0.8,0.31569251777945956,node,2,0.0
inst_01_06,-0.8,0.31569251777945956,node,4,0.0
inst_01_06,-0.8,0.31569251777945956,node,1,0.0
inst_01_06,-0.8,0.31569251777945956,node,6,0.0
inst_01_06,-0.8,0.31569251777945956,dcp,5,106.48306841118453
inst_01_06,-0.8,0.31569251777945956,dcp,3,90.88375779527897
inst_01_06,-0.8,0.31569251777945956,dcp,2,355.78151329770236
inst_01_06,-0.8,0.31569251777945956,dcp,4,98.68341310323167
inst_01_06,-0.8,0.31569251777945956,dcp,1,0.0
inst_01_06,-0.8,0.31569251777945956,dcp,6,151.9427909728309
inst_01_07,-0.8,0.3972987023509261,loop,5,111.76386144834504
inst_01_07,-0.8,0.3972987023509261,loop,3,92.13214540755163
inst_01_07,-0.8,0.3972987023509261,loop,2,386.6782430607269
inst_01_07,-0.8,0.3972987023509261,loop,4,101.94800342794834
inst_01_07,-0.8,0.3972987023509261,loop,1,0.0
inst_01_07,-0.8,0.3972987023509261,loop,6,168.97487458864558
inst_01_07,-0.8,0.3972987023509261,node,5,111.7638596178731
inst_01_07,-0.8,0.3972987023509261,node,3,92.13214540744318
inst_01_07,-0.8,0.3972987023509261,node,2,386.67824306122844
inst_01_07,-0.8,0.3972987023509261,node,4,101.94800109047235
inst_01_07,-0.8,0.3972987023509261,node,1,0.0
inst_01_07,-0.8,0.3972987023509261,node,6,168.97487275640646
inst_01_07,-0.8,0.3972987023509261,dcp,5,111.76386144767122
inst_01_07,-0.8,0.3972987023509261,dcp,3,92.13214540677
inst_01_07,-0.8,0.3972987023509261,dcp,2,386.6782430609347
inst_01_07,-0.8,0.3972987023509261,dcp,4,101.94800342736164
inst_01_07,-0.8,0.3972987023509261,dcp,1,0.0
inst_01_07,-0.8,0.3972987023509261,dcp,6,168.97487458797175
inst_01_08,-0.8,0.5,loop,5,114.80977793797575
inst_01_08,-0.8,0.5,loop,3,90.10328390133893
inst_01_08,-0.8,0.5,loop,2,413.2958156243649
inst_01_08,-0.8,0.5,loop,4,102.45653091965734
inst_01_08,-0.8,0.5,loop,1,0.0
inst_01_08,-0.8,0.5,loop,6,186.80977794019975
inst_01_08,-0.8,0.5,node,5,114.80977778911348
inst_01_08,-0.8,0.5,node,3,90.10328390169127
inst_01_08,-0.8,0.5,node,2,413.2958156256263
inst_01_08,-0.8,0.5,node,4,102.45653072954015
inst_01_08,-0.8,0.5,node,1,0.0
inst_01_08,-0.8,0.5,node,6,186.80977778911347
inst_01_08,-0.8,0.5,dcp,5,114.80977793770536
inst_01_08,-0.8,0.5,dcp,3,90.10328390113558
inst_01_08,-0.8,0.5,dcp,2,413.2958156243581
inst_01_08,-0.8,0.5,dcp,4,102.45653091942047
inst_01_08,-0.8,0.5,dcp,1,0.0
inst_01_08,-0.8,0.5,dcp,6,186.80977793992935
inst_02_01,-0.75,0.1,loop,5,0.0
inst_02_01,-0.75,0.1,loop,3,0.0
inst_02_01,-0.75,0.1,loop,2,0.0
inst_02_01,-0.75,0.1,loop,4,0.0
inst_02_01,-0.75,0.1,loop,1,0.0
inst_02_01,-0.75,0.1,loop,6,0.0
inst_02_01,-0.75,0.1,node,5,69.28954132533478
inst_02_01,-0.75,0.1,node,3,64.34824251803117
inst_02_01,-0.75,0.1,node,2,203.9771779447175
inst_02_01,-0.75,0.1,node,4,66.81889192167822
inst_02_01,-0.75,0.1,node,1,0.0
inst_02_01,-0.75,0.1,node,6,83.68954132533479
inst_02_01,-0.75,0.1,dcp,5,69.28954136576742
inst_02_01,-0.75,0.1,dcp,3,64.34824255842742
inst_02_01,-0.75,0.1,dcp,2,203.9771777053312
inst_02_01,-0.75,0.1,dcp,4,66.81889196207985
inst_02_01,-0.75,0.1,dcp,1,0.0
inst_02_01,-0.75,0.1,dcp,6,83.68954136621223
inst_02_02,-0.75,0.12584989506418265,loop,5,0.0
inst_02_02,-0.75,0.12584989506418265,loop,3,0.0
inst_02_02,-0.75,0.12584989506418265,loop,2,0.0
inst_02_02,-0.75,0.12584989506418265,loop,4,0.0
inst_02_02,-0.75,0.12584989506418265,loop,1,0.0
inst_02_02,-0.75,0.12584989506418265,loop,6,0.0
inst_02_02,-0.75,0.12584989506418265,node,5,79.7838365123982
inst_02_02,-0.75,0.12584989506418265,node,3,73.5652171485989
inst_02_02,-0.75,0.12584989506418265,node,2,238.27821694982535
inst_02_02,-0.75,0.12584989506418265,node,4,76.67452683049257
inst_02_02,-0.75,0.12584989506418265,node,1,0.0
inst_02_02,-0.75,0.12584989506418265,node,6,97.90622140164051
inst_02_02,-0.75,0.12584989506418265,dcp,5,79.78383654389809
inst_02_02,-0.75,0.12584989506418265,dcp,3,73.56521718006724
inst_02_02,-0.75,0.12584989506418265,dcp,2,238.27821680351676
inst_02_02,-0.75,0.12584989506418265,dcp,4,76.6745268620179
inst_02_02,-0.75,0.12584989506418265,dcp,1,0.0
inst_02_02,-0.75,0.12584989506418265,dcp,6,97.90622143370017
inst_02_03,-0.75,0.15838196087665787,loop,5,0.0
inst_02_03,-0.75,0.15838196087665787,loop,3,0.0
inst_02_03,-0.75,0.15838196087665787,loop,2,0.0
inst_02_03,-0.75,0.15838196087665787,loop,4,0.0
inst_02_03,-0.75,0.15838196087665787,loop,1,0.0
inst_02_03,-0.75,0.15838196087665787,loop,6,0.0
inst_02_03,-0.75,0.15838196087665787,node,5,90.32838604672473
inst_02_03,-0.75,0.15838196087665787,node,3,82.50226010294239
inst_02_03,-0.75,0.15838196087665787,node,2,274.5670236395967
inst_02_03,-0.75,0.15838196087665787,node,4,86.41532307482602
inst_02_03,-0.75,0.15838196087665787,node,1,0.0
inst_02_03,-0.75,0.15838196087665787,node,6,113.13538841296347
inst_02_03,-0.75,0.15838196087665787,dcp,5,90.32838606435413
inst_02_03,-0.75,0.15838196087665787,dcp,3,82.50226012047798
inst_02_03,-0.75,0.15838196087665787,dcp,2,274.567023578669
inst_02_03,-0.75,0.15838196087665787,dcp,4,86.41532309238066
inst_02_03,-0.75,0.15838196087665787,dcp,1,0.0
inst_02_03,-0.75,0.15838196087665787,dcp,6,113.13538843129734
inst_02_04,-0.75,0.19932353156386884,loop,5,0.0
inst_02_04,-0.75,0.19932353156386884,loop,3,0.0
inst_02_04,-0.75,0.19932353156386884,loop,2,0.0
inst_02_04,-0.75,0.19932353156386884,loop,4,0.0
inst_02_04,-0.75,0.19932353156386884,loop,1,0.0
inst_02_04,-0.75,0.19932353156386884,loop,6,0.0
inst_02_04,-0.75,0.19932353156386884,node,5,100.36113508072269
inst_02_04,-0.75,0.19932353156386884,node,3,90.51196379300441
inst_02_04,-0.75,0.19932353156386884,node,2,311.6662562754278
inst_02_04,-0.75,0.19932353156386884,node,4,95.43654943675882
inst_02_04,-0.75,0.19932353156386884,node,1,0.0
inst_02_04,-0.75,0.19932353156386884,node,6,129.0637236259198
inst_02_04,-0.75,0.19932353156386884,dcp,5,100.3611350864593
inst_02_04,-0.75,0.19932353156386884,dcp,3,90.51196379855598
inst_02_04,-0.75,0.19932353156386884,dcp,2,311.6662562594526
inst_02_04,-0.75,0.19932353156386884,dcp,4,95.4365494425782
inst_02_04,-0.75,0.19932353156386884,dcp,1,0.0
inst_02_04,-0.75,0.19932353156386884,dcp,6,129.063723632543
inst_02_05,-0.75,0.2508484553113519,loop,5,0.0
inst_02_05,-0.75,0.2508484553113519,loop,3,0.0
inst_02_05,-0.75,0.2508484553113519,loop,2,0.0
inst_02_05,-0.75,0.2508484553113519,loop,4,0.0
inst_02_05,-0.75,0.2508484553113519,loop,1,0.0
inst_02_05,-0.75,0.2508484553113519,loop,6,0.0
inst_02_05,-0.75,0.2508484553113519,node,5,109.24983857644307
inst_02_05,-0.75,0.2508484553113519,node,3,96.85466694460416
inst_02_05,-0.75,0.2508484553113519,node,2,348.1294654068407
inst_02_05,-0.75,0.2508484553113519,node,4,103.0522527297404
inst_02_05,-0.75,0.2508484553113519,node,1,0.0
inst_02_05,-0.75,0.2508484553113519,node,6,145.37201614127758
inst_02_05,-0.75,0.2508484553113519,dcp,5,109.24983867608313
inst_02_05,-0.75,0.2508484553113519,dcp,3,96.854666945541
inst_02_05,-0.75,0.2508484553113519,dcp,2,348.12946540411957
inst_02_05,-0.75,0.2508484553113519,dcp,4,103.05225281081206
inst_02_05,-0.75,0.2508484553113519,dcp,1,0.0
inst_02_05,-0.75,0.2508484553113519,dcp,6,145.37201624203357
inst_02_06,-0.75,0.31569251777945956,loop,5,0.0
inst_02_06,-0.75,0.31569251777945956,loop,3,0.0
inst_02_06,-0.75,0.31569251777945956,loop,2,0.0
inst_02_06,-0.75,0.31569251777945956,loop,4,0.0
inst_02_06,-0.75,0.31569251777945956,loop,1,0.0
inst_02_06,-0.75,0.31569251777945956,loop,6,0.0
inst_02_06,-0.75,0.31569251777945956,node,5,116.37580478841743
inst_02_06,-0.75,0.31569251777945956,node,3,100.77649424484376
inst_02_06,-0.75,0.31569251777945956,node,2,382.3828919482979
inst_02_06,-0.75,0.31569251777945956,node,4,108.57614946051494
inst_02_06,-0.75,0.31569251777945956,node,1,0.0
inst_02_06,-0.75,0.31569251777945956,node,6,161.8355273486596
inst_02_06,-0.75,0.31569251777945956,dcp,5,116.3758048613731
inst_02_06,-0.75,0.31569251777945956,dcp,3,100.77649424546769
inst_02_06,-0.75,0.31569251777945956,dcp,2,382.3828919480543
inst_02_06,-0.75,0.31569251777945956,dcp,4,108.57614955342024
inst_02_06,-0.75,0.31569251777945956,dcp,1,0.0
inst_02_06,-0.75,0.31569251777945956,dcp,6,161.83552742301947
inst_02_07,-0.75,0.3972987023509261,loop,5,121.24037756988061
inst_02_07,-0.75,0.3972987023509261,loop,3,101.6086615290872
inst_02_07,-0.75,0.3972987023509261,loop,2,412.91616482267057
inst_02_07,-0.75,0.3972987023509261,loop,4,111.4245195494839
inst_02_07,-0.75,0.3972987023509261,loop,1,0.0
inst_02_07,-0.75,0.3972987023509261,loop,6,178.45139071018116
inst_02_07,-0.75,0.3972987023509261,node,5,121.24037752764494
inst_02_07,-0.75,0.3972987023509261,node,3,101.60866152928817
inst_02_07,-0.75,0.3972987023509261,node,2,412.916164822753
inst_02_07,-0.75,0.3972987023509261,node,4,111.4245194955513
inst_02_07,-0.75,0.3972987023509261,node,1,0.0
inst_02_07,-0.75,0.3972987023509261,node,6,178.4513906661783
inst_02_07,-0.75,0.3972987023509261,dcp,5,121.24037756947318
inst_02_07,-0.75,0.3972987023509261,dcp,3,101.60866152857196
inst_02_07,-0.75,0.3972987023509261,dcp,2,412.916164822456
inst_02_07,-0.75,0.3972987023509261,dcp,4,111.42451954916376
inst_02_07,-0.75,0.3972987023509261,dcp,1,0.0
inst_02_07,-0.75,0.3972987023509261,dcp,6,178.4513907097737
inst_02_08,-0.75,0.5,loop,5,123.57475561829251
inst_02_08,-0.75,0.5,loop,3,98.86826158165569
inst_02_08,-0.75,0.5,loop,2,438.47910621711577
inst_02_08,-0.75,0.5,loop,4,111.2215085999741
inst_02_08,-0.75,0.5,loop,1,0.0
inst_02_08,-0.75,0.5,loop,6,195.5747556205165
inst_02_08,-0.75,0.5,node,5,123.57475561393012
inst_02_08,-0.75,0.5,node,3,98.86826158184685
inst_02_08,-0.75,0.5,node,2,438.47910621720706
inst_02_08,-0.75,0.5,node,4,111.22150859441939
inst_02_08,-0.75,0.5,node,1,0.0
inst_02_08,-0.75,0.5,node,6,195.5747556139301
inst_02_08,-0.75,0.5,dcp,5,123.57475561808175
inst_02_08,-0.75,0.5,dcp,3,98.8682615816287
inst_02_08,-0.75,0.5,dcp,2,438.479106216945
inst_02_08,-0.75,0.5,dcp,4,111.2215085997138
inst_02_08,-0.75,0.5,dcp,1,0.0
inst_02_08,-0.75,0.5,dcp,6,195.57475562030575
inst_03_01,-0.7000000000000001,0.1,loop,5,0.0
inst_03_01,-0.7000000000000001,0.1,loop,3,0.0
inst_03_01,-0.7000000000000001,0.1,loop,2,0.0
inst_03_01,-0.7000000000000001,0.1,loop,4,0.0
inst_03_01,-0.7000000000000001,0.1,loop,1,0.0
inst_03_01,-0.7000000000000001,0.1,loop,6,0.0
inst_03_01,-0.7000000000000001,0.1,node,5,78.39142048983129
inst_03_01,-0.7000000000000001,0.1,node,3,73.4501216825277
inst_03_01,-0.7000000000000001,0.1,node,2,226.3442823610585
inst_03_01,-0.7000000000000001,0.1,node,4,75.92077108617474
inst_03_01,-0.7000000000000001,0.1,node,1,0.0
inst_03_01,-0.7000000000000001,0.1,node,6,92.7914204898313
inst_03_01,-0.7000000000000001,0.1,dcp,5,78.39142055895218
inst_03_01,-0.7000000000000001,0.1,dcp,3,73.45012175159738
inst_03_01,-0.7000000000000001,0.1,dcp,2,226.34428199372957
inst_03_01,-0.7000000000000001,0.1,dcp,4,75.92077115527478
inst_03_01,-0.7000000000000001,0.1,dcp,1,0.0
inst_03_01,-0.7000000000000001,0.1,dcp,6,92.79142055939697
inst_03_02,-0.7000000000000001,0.12584989506418265,loop,5,0.0
inst_03_02,-0.7000000000000001,0.12584989506418265,loop,3,0.0
inst_03_02,-0.7000000000000001,0.12584989506418265,loop,2,0.0
inst_03_02,-0.7000000000000001,0.12584989506418265,loop,4,0.0
inst_03_02,-0.7000000000000001,0.12584989506418265,loop,1,0.0
inst_03_02,-0.7000000000000001,0.12584989506418265,loop,6,0.0
inst_03_02,-0.7000000000000001,0.12584989506418265,node,5,89.80380499244673
inst_03_02,-0.7000000000000001,0.12584989506418265,node,3,83.58518562864745
inst_03_02,-0.7000000000000001,0.12584989506418265,node,2,263.1326663469189
inst_03_02,-0.7000000000000001,0.12584989506418265,node,4,86.6944953105411
inst_03_02,-0.7000000000000001,0.12584989506418265,node,1,0.0
inst_03_02,-0.7000000000000001,0.12584989506418265,node,6,107.92618988168904
inst_03_02,-0.7000000000000001,0.12584989506418265,dcp,5,89.80380503926749
inst_03_02,-0.7000000000000001,0.12584989506418265,dcp,3,83.58518567543663
inst_03_02,-0.7000000000000001,0.12584989506418265,dcp,2,263.13266615247767
inst_03_02,-0.7000000000000001,0.12584989506418265,dcp,4,86.6944953573873
inst_03_02,-0.7000000000000001,0.12584989506418265,dcp,1,0.0
inst_03_02,-0.7000000000000001,0.12584989506418265,dcp,6,107.92618992906957
inst_03_03,-0.7000000000000001,0.15838196087665787,loop,5,0.0
inst_03_03,-0.7000000000000001,0.15838196087665787,loop,3,0.0
inst_03_03,-0.7000000000000001,0.15838196087665787,loop,2,0.0
inst_03_03,-0.7000000000000001,0.15838196087665787,loop,4,0.0
inst_03_03,-0.7000000000000001,0.15838196087665787,loop,1,0.0
inst_03_03,-0.7000000000000001,0.15838196087665787,loop,6,0.0
inst_03_03,-0.7000000000000001,0.15838196087665787,node,5,101.08649322773557
inst_03_03,-0.7000000000000001,0.15838196087665787,node,3,93.26036728395323
inst_03_03,-0.7000000000000001,0.15838196087665787,node,2,301.5663279320577
inst_03_03,-0.7000000000000001,0.15838196087665787,node,4,97.17343025583686
inst_03_03,-0.7000000000000001,0.15838196087665787,node,1,0.0
inst_03_03,-0.7000000000000001,0.15838196087665787,node,6,123.89349559397431
inst_03_03,-0.7000000000000001,0.15838196087665787,dcp,5,101.08649324967578
inst_03_03,-0.7000000000000001,0.15838196087665787,dcp,3,93.2603673058289
inst_03_03,-0.7000000000000001,0.15838196087665787,dcp,2,301.56632786377713
inst_03_03,-0.7000000000000001,0.15838196087665787,dcp,4,97.17343027775226
inst_03_03,-0.7000000000000001,0.15838196087665787,dcp,1,0.0
inst_03_03,-0.7000000000000001,0.15838196087665787,dcp,6,123.89349561661899
inst_03_04,-0.7000000000000001,0.19932353156386884,loop,5,0.0
inst_03_04,-0.7000000000000001,0.19932353156386884,loop,3,0.0
inst_03_04,-0.7000000000000001,0.19932353156386884,loop,2,0.0
inst_03_04,-0.7000000000000001,0.19932353156386884,loop,4,0.0
inst_03_04,-0.7000000000000001,0.19932353156386884,loop,1,0.0
inst_03_04,-0.7000000000000001,0.19932353156386884,loop,6,0.0
inst_03_04,-0.7000000000000001,0.19932353156386884,node,5,111.59546731657966
inst_03_04,-0.7000000000000001,0.19932353156386884,node,3,101.74629602886138
inst_03_04,-0.7000000000000001,0.19932353156386884,node,2,340.2762995999807
inst_03_04,-0.7000000000000001,0.19932353156386884,node,4,106.6708816726158
inst_03_04,-0.7000000000000001,0.19932353156386884,node,1,0.0
inst_03_04,-0.7000000000000001,0.19932353156386884,node,6,140.2980558617768
inst_03_04,-0.7000000000000001,0.19932353156386884,dcp,5,111.59546732262572
inst_03_04,-0.7000000000000001,0.19932353156386884,dcp,3,101.74629603469266
inst_03_04,-0.7000000000000001,0.19932353156386884,dcp,2,340.27629958508055
inst_03_04,-0.7000000000000001,0.19932353156386884,dcp,4,106.67088167862387
inst_03_04,-0.7000000000000001,0.19932353156386884,dcp,1,0.0
inst_03_04,-0.7000000000000001,0.19932353156386884,dcp,6,140.2980558687094
inst_03_05,-0.7000000000000001,0.2508484553113519,loop,5,0.0
inst_03_05,-0.7000000000000001,0.2508484553113519,loop,3,0.0
inst_03_05,-0.7000000000000001,0.2508484553113519,loop,2,0.0
inst_03_05,-0.7000000000000001,0.2508484553113519,loop,4,0.0
inst_03_05,-0.7000000000000001,0.2508484553113519,loop,1,0.0
inst_03_05,-0.7000000000000001,0.2508484553113519,loop,6,0.0
inst_03_05,-0.7000000000000001,0.2508484553113519,node,5,120.6324495223668
inst_03_05,-0.7000000000000001,0.2508484553113519,node,3,108.23727779208174
inst_03_05,-0.7000000000000001,0.2508484553113519,node,2,377.6529791761122
inst_03_05,-0.7000000000000001,0.2508484553113519,node,4,114.43486365709248
inst_03_05,-0.7000000000000001,0.2508484553113519,node,1,0.0
inst_03_05,-0.7000000000000001,0.2508484553113519,node,6,156.75462708720147
inst_03_05,-0.7000000000000001,0.2508484553113519,dcp,5,120.63244952322381
inst_03_05,-0.7000000000000001,0.2508484553113519,dcp,3,108.23727779274053
inst_03_05,-0.7000000000000001,0.2508484553113519,dcp,2,377.6529791733655
inst_03_05,-0.7000000000000001,0.2508484553113519,dcp,4,114.43486365805265
inst_03_05,-0.7000000000000001,0.2508484553113519,dcp,1,0.0
inst_03_05,-0.7000000000000001,0.2508484553113519,dcp,6,156.75462708917425
inst_03_06,-0.7000000000000001,0.31569251777945956,loop,5,0.0
inst_03_06,-0.7000000000000001,0.31569251777945956,loop,3,0.0
inst_03_06,-0.7000000000000001,0.31569251777945956,loop,2,0.0
inst_03_06,-0.7000000000000001,0.31569251777945956,loop,4,0.0
inst_03_06,-0.7000000000000001,0.31569251777945956,loop,1,0.0
inst_03_06,-0.7000000000000001,0.31569251777945956,loop,6,0.0
inst_03_06,-0.7000000000000001,0.31569251777945956,node,5,0.0
inst_03_06,-0.7000000000000001,0.31569251777945956,node,3,0.0
inst_03_06,-0.7000000000000001,0.31569251777945956,node,2,0.0
inst_03_06,-0.7000000000000001,0.31569251777945956,node,4,0.0
inst_03_06,-0.7000000000000001,0.31569251777945956,node,1,0.0
inst_03_06,-0.7000000000000001,0.31569251777945956,node,6,0.0
inst_03_06,-0.7000000000000001,0.31569251777945956,dcp,5,127.54313659940037
inst_03_06,-0.7000000000000001,0.31569251777945956,dcp,3,111.94382598349496
inst_03_06,-0.7000000000000001,0.31569251777945956,dcp,2,412.0209217828005
inst_03_06,-0.7000000000000001,0.31569251777945956,dcp,4,119.74348129144751
inst_03_06,-0.7000000000000001,0.31569251777945956,dcp,1,0.0
inst_03_06,-0.7000000000000001,0.31569251777945956,dcp,6,173.00285916104673
inst_03_07,-0.7000000000000001,0.3972987023509261,loop,5,131.83307642740672
inst_03_07,-0.7000000000000001,0.3972987023509261,loop,3,112.2013603866133
inst_03_07,-0.7000000000000001,0.3972987023509261,loop,2,441.85297384104865
inst_03_07,-0.7000000000000001,0.3972987023509261,loop,4,122.01721840701
inst_03_07,-0.7000000000000001,0.3972987023509261,loop,1,0.0
inst_03_07,-0.7000000000000001,0.3972987023509261,loop,6,189.04408956770726
inst_03_07,-0.7000000000000001,0.3972987023509261,node,5,0.0
inst_03_07,-0.7000000000000001,0.3972987023509261,node,3,0.0
inst_03_07,-0.7000000000000001,0.3972987023509261,node,2,0.0
inst_03_07,-0.7000000000000001,0.3972987023509261,node,4,0.0
inst_03_07,-0.7000000000000001,0.3972987023509261,node,1,0.0
inst_03_07,-0.7000000000000001,0.3972987023509261,node,6,0.0
inst_03_07,-0.7000000000000001,0.3972987023509261,dcp,5,131.83307642690556
inst_03_07,-0.7000000000000001,0.3972987023509261,dcp,3,112.20136038594582
inst_03_07,-0.7000000000000001,0.3972987023509261,dcp,2,441.85297384093957
inst_03_07,-0.7000000000000001,0.3972987023509261,dcp,4,122.01721840649626
inst_03_07,-0.7000000000000001,0.3972987023509261,dcp,1,0.0
inst_03_07,-0.7000000000000001,0.3972987023509261,dcp,6,189.04408956720607
inst_03_08,-0.7000000000000001,0.5,loop,5,133.27792260783986
inst_03_08,-0.7000000000000001,0.5,loop,3,108.57142857120303
inst_03_08,-0.7000000000000001,0.5,loop,2,465.972072569917
inst_03_08,-0.7000000000000001,0.5,loop,4,120.92467558952144
inst_03_08,-0.7000000000000001,0.5,loop,1,0.0
inst_03_08,-0.7000000000000001,0.5,loop,6,205.27792261006385
inst_03_08,-0.7000000000000001,0.5,node,5,133.27792261114024
inst_03_08,-0.7000000000000001,0.5,node,3,108.57142857459164
inst_03_08,-0.7000000000000001,0.5,node,2,465.97207257466084
inst_03_08,-0.7000000000000001,0.5,node,4,120.92467559286594
inst_03_08,-0.7000000000000001,0.5,node,1,0.0
inst_03_08,-0.7000000000000001,0.5,node,6,205.27792261114027
inst_03_08,-0.7000000000000001,0.5,dcp,5,133.27792260759819
inst_03_08,-0.7000000000000001,0.5,dcp,3,108.5714285710284
inst_03_08,-0.7000000000000001,0.5,dcp,2,465.97207256986064
inst_03_08,-0.7000000000000001,0.5,dcp,4,120.92467558903076
inst_03_08,-0.7000000000000001,0.5,dcp,1,0.0
inst_03_08,-0.7000000000000001,0.5,dcp,6,205.27792260982218
inst_04_01,-0.65,0.1,loop,5,0.0
inst_04_01,-0.65,0.1,loop,3,0.0
inst_04_01,-0.65,0.1,loop,2,0.0
inst_04_01,-0.65,0.1,loop,4,0.0
inst_04_01,-0.65,0.1,loop,1,0.0
inst_04_01,-0.65,0.1,loop,6,0.0
inst_04_01,-0.65,0.1,node,5,89.19538669219867
inst_04_01,-0.65,0.1,node,3,84.25408788489507
inst_04_01,-0.65,0.1,node,2,252.57190722597795
inst_04_01,-0.65,0.1,node,4,86.72473728854212
inst_04_01,-0.65,0.1,node,1,0.0
inst_04_01,-0.65,0.1,node,6,103.59538669219867
inst_04_01,-0.65,0.1,dcp,5,89.19538680635335
inst_04_01,-0.65,0.1,dcp,3,84.25408799902782
inst_04_01,-0.65,0.1,dcp,2,252.5719065534986
inst_04_01,-0.65,0.1,dcp,4,86.72473740269058
inst_04_01,-0.65,0.1,dcp,1,0.0
inst_04_01,-0.65,0.1,dcp,6,103.59538680679816
inst_04_02,-0.65,0.12584989506418265,loop,5,0.0
inst_04_02,-0.65,0.12584989506418265,loop,3,0.0
inst_04_02,-0.65,0.12584989506418265,loop,2,0.0
inst_04_02,-0.65,0.12584989506418265,loop,4,0.0
inst_04_02,-0.65,0.12584989506418265,loop,1,0.0
inst_04_02,-0.65,0.12584989506418265,loop,6,0.0
inst_04_02,-0.65,0.12584989506418265,node,5,101.60495439766692
inst_04_02,-0.65,0.12584989506418265,node,3,95.38633503385991
inst_04_02,-0.65,0.12584989506418265,node,2,292.04859672467785
inst_04_02,-0.65,0.12584989506418265,node,4,98.49564471576342
inst_04_02,-0.65,0.12584989506418265,node,1,0.0
inst_04_02,-0.65,0.12584989506418265,node,6,119.72733928690921
inst_04_02,-0.65,0.12584989506418265,dcp,5,101.6049544713882
inst_04_02,-0.65,0.12584989506418265,dcp,3,95.38633510755702
inst_04_02,-0.65,0.12584989506418265,dcp,2,292.0485964874918
inst_04_02,-0.65,0.12584989506418265,dcp,4,98.49564478950784
inst_04_02,-0.65,0.12584989506418265,dcp,1,0.0
inst_04_02,-0.65,0.12584989506418265,dcp,6,119.72733936119027
inst_04_03,-0.65,0.15838196087665787,loop,5,0.0
inst_04_03,-0.65,0.15838196087665787,loop,3,0.0
inst_04_03,-0.65,0.15838196087665787,loop,2,0.0
inst_04_03,-0.65,0.15838196087665787,loop,4,0.0
inst_04_03,-0.65,0.15838196087665787,loop,1,0.0
inst_04_03,-0.65,0.15838196087665787,loop,6,0.0
inst_04_03,-0.65,0.15838196087665787,node,5,113.64691508707017
inst_04_03,-0.65,0.15838196087665787,node,3,105.82078914328783
inst_04_03,-0.65,0.15838196087665787,node,2,332.7024356732928
inst_04_03,-0.65,0.15838196087665787,node,4,109.73385211517146
inst_04_03,-0.65,0.15838196087665787,node,1,0.0
inst_04_03,-0.65,0.15838196087665787,node,6,136.45391745330892
inst_04_03,-0.65,0.15838196087665787,dcp,5,113.64691511281956
inst_04_03,-0.65,0.15838196087665787,dcp,3,105.82078916897267
inst_04_03,-0.65,0.15838196087665787,dcp,2,332.70243523171894
inst_04_03,-0.65,0.15838196087665787,dcp,4,109.73385214089603
inst_04_03,-0.65,0.15838196087665787,dcp,1,0.0
inst_04_03,-0.65,0.15838196087665787,dcp,6,136.45391747976277
inst_04_04,-0.65,0.19932353156386884,loop,5,0.0
inst_04_04,-0.65,0.19932353156386884,loop,3,0.0
inst_04_04,-0.65,0.19932353156386884,loop,2,0.0
inst_04_04,-0.65,0.19932353156386884,loop,4,0.0
inst_04_04,-0.65,0.19932353156386884,loop,1,0.0
inst_04_04,-0.65,0.19932353156386884,loop,6,0.0
inst_04_04,-0.65,0.19932353156386884,node,5,124.58749483720362
inst_04_04,-0.65,0.19932353156386884,node,3,114.73832354948536
inst_04_04,-0.65,0.19932353156386884,node,2,372.9535690378207
inst_04_04,-0.65,0.19932353156386884,node,4,119.66290919323977
inst_04_04,-0.65,0.19932353156386884,node,1,0.0
inst_04_04,-0.65,0.19932353156386884,node,6,153.29008338240075
inst_04_04,-0.65,0.19932353156386884,dcp,5,124.58749486786677
inst_04_04,-0.65,0.19932353156386884,dcp,3,114.73832357993419
inst_04_04,-0.65,0.19932353156386884,dcp,2,372.9535689094051
inst_04_04,-0.65,0.19932353156386884,dcp,4,119.66290922393588
inst_04_04,-0.65,0.19932353156386884,dcp,1,0.0
inst_04_04,-0.65,0.19932353156386884,dcp,6,153.29008341395047
inst_04_05,-0.65,0.2508484553113519,loop,5,0.0
inst_04_05,-0.65,0.2508484553113519,loop,3,0.0
inst_04_05,-0.65,0.2508484553113519,loop,2,0.0
inst_04_05,-0.65,0.2508484553113519,loop,4,0.0
inst_04_05,-0.65,0.2508484553113519,loop,1,0.0
inst_04_05,-0.65,0.2508484553113519,loop,6,0.0
inst_04_05,-0.65,0.2508484553113519,node,5,0.0
inst_04_05,-0.65,0.2508484553113519,node,3,0.0
inst_04_05,-0.65,0.2508484553113519,node,2,0.0
inst_04_05,-0.65,0.2508484553113519,node,4,0.0
inst_04_05,-0.65,0.2508484553113519,node,1,0.0
inst_04_05,-0.65,0.2508484553113519,node,6,0.0
inst_04_05,-0.65,0.2508484553113519,dcp,5,133.66295261559685
inst_04_05,-0.65,0.2508484553113519,dcp,3,121.26778088511355
inst_04_05,-0.65,0.2508484553113519,dcp,2,411.02777089548084
inst_04_05,-0.65,0.2508484553113519,dcp,4,127.46536675042583
inst_04_05,-0.65,0.2508484553113519,dcp,1,0.0
inst_04_05,-0.65,0.2508484553113519,dcp,6,169.7851301815473
inst_04_06,-0.65,0.31569251777945956,loop,5,140.19337754557688
inst_04_06,-0.65,0.31569251777945956,loop,3,124.59406692971871
inst_04_06,-0.65,0.31569251777945956,loop,2,445.1665497028532
inst_04_06,-0.65,0.31569251777945956,loop,4,132.39372223764778
inst_04_06,-0.65,0.31569251777945956,loop,1,0.0
inst_04_06,-0.65,0.31569251777945956,loop,6,185.65310010722325
inst_04_06,-0.65,0.31569251777945956,node,5,0.0
inst_04_06,-0.65,0.31569251777945956,node,3,0.0
inst_04_06,-0.65,0.31569251777945956,node,2,0.0
inst_04_06,-0.65,0.31569251777945956,node,4,0.0
inst_04_06,-0.65,0.31569251777945956,node,1,0.0
inst_04_06,-0.65,0.31569251777945956,node,6,0.0
inst_04_06,-0.65,0.31569251777945956,dcp,5,140.19322786193166
inst_04_06,-0.65,0.31569251777945956,dcp,3,124.59391724596739
inst_04_06,-0.65,0.31569251777945956,dcp,2,445.16672408189805
inst_04_06,-0.65,0.31569251777945956,dcp,4,132.39357255401984
inst_04_06,-0.65,0.31569251777945956,dcp,1,0.0
inst_04_06,-0.65,0.31569251777945956,dcp,6,185.65295042357803
inst_04_07,-0.65,0.3972987023509261,loop,5,143.70557472014622
inst_04_07,-0.65,0.3972987023509261,loop,3,124.07385867935281
inst_04_07,-0.65,0.3972987023509261,loop,2,473.8626314502479
inst_04_07,-0.65,0.3972987023509261,loop,4,133.88971669974953
inst_04_07,-0.65,0.3972987023509261,loop,1,0.0
inst_04_07,-0.65,0.3972987023509261,loop,6,200.91658786044675
inst_04_07,-0.65,0.3972987023509261,node,5,143.7055747144039
inst_04_07,-0.65,0.3972987023509261,node,3,124.07385868089364
inst_04_07,-0.65,0.3972987023509261,node,2,473.8626314522335
inst_04_07,-0.65,0.3972987023509261,node,4,133.88971669206057
inst_04_07,-0.65,0.3972987023509261,node,1,0.0
inst_04_07,-0.65,0.3972987023509261,node,6,200.91658785293725
inst_04_07,-0.65,0.3972987023509261,dcp,5,143.70557471994627
inst_04_07,-0.65,0.3972987023509261,dcp,3,124.07385867904536
inst_04_07,-0.65,0.3972987023509261,dcp,2,473.86263144978693
inst_04_07,-0.65,0.3972987023509261,dcp,4,133.88971669963684
inst_04_07,-0.65,0.3972987023509261,dcp,1,0.0
inst_04_07,-0.65,0.3972987023509261,dcp,6,200.9165878602468
inst_04_08,-0.65,0.5,loop,5,144.0414151221249
inst_04_08,-0.65,0.5,loop,3,119.33492108548808
inst_04_08,-0.65,0.5,loop,2,496.0571590856807
inst_04_08,-0.65,0.5,loop,4,131.6881681038065
inst_04_08,-0.65,0.5,loop,1,0.0
inst_04_08,-0.65,0.5,loop,6,216.0414151243489
inst_04_08,-0.65,0.5,node,5,0.0
inst_04_08,-0.65,0.5,node,3,0.0
inst_04_08,-0.65,0.5,node,2,0.0
inst_04_08,-0.65,0.5,node,4,0.0
inst_04_08,-0.65,0.5,node,1,0.0
inst_04_08,-0.65,0.5,node,6,0.0
inst_04_08,-0.65,0.5,dcp,5,144.04141511450368
inst_04_08,-0.65,0.5,dcp,3,119.33492107793423
inst_04_08,-0.65,0.5,dcp,2,496.05715908964595
inst_04_08,-0.65,0.5,dcp,4,131.68816809621913
inst_04_08,-0.65,0.5,dcp,1,0.0
inst_04_08,-0.65,0.5,dcp,6,216.04141511672768
inst_05_01,-0.6000000000000001,0.1,loop,5,66.77222921239107
inst_05_01,-0.6000000000000001,0.1,loop,3,61.8309304050637
inst_05_01,-0.6000000000000001,0.1,loop,2,78.38061923981924
inst_05_01,-0.6000000000000001,0.1,loop,4,64.30157980872738
inst_05_01,-0.6000000000000001,0.1,loop,1,0.0
inst_05_01,-0.6000000000000001,0.1,loop,6,81.17222921283587
inst_05_01,-0.6000000000000001,0.1,node,5,102.12958471754295
inst_05_01,-0.6000000000000001,0.1,node,3,97.18828591023936
inst_05_01,-0.6000000000000001,0.1,node,2,283.59665748242026
inst_05_01,-0.6000000000000001,0.1,node,4,99.65893531388639
inst_05_01,-0.6000000000000001,0.1,node,1,0.0
inst_05_01,-0.6000000000000001,0.1,node,6,116.52958471754295
inst_05_01,-0.6000000000000001,0.1,dcp,5,102.12958467797648
inst_05_01,-0.6000000000000001,0.1,dcp,3,97.18828587065094
inst_05_01,-0.6000000000000001,0.1,dcp,2,283.59665772235303
inst_05_01,-0.6000000000000001,0.1,dcp,4,99.65893527431388
inst_05_01,-0.6000000000000001,0.1,dcp,1,0.0
inst_05_01,-0.6000000000000001,0.1,dcp,6,116.52958467842129
inst_05_02,-0.6000000000000001,0.12584989506418265,loop,5,0.0
inst_05_02,-0.6000000000000001,0.12584989506418265,loop,3,0.0
inst_05_02,-0.6000000000000001,0.12584989506418265,loop,2,0.0
inst_05_02,-0.6000000000000001,0.12584989506418265,loop,4,0.0
inst_05_02,-0.6000000000000001,0.12584989506418265,loop,1,0.0
inst_05_02,-0.6000000000000001,0.12584989506418265,loop,6,0.0
inst_05_02,-0.6000000000000001,0.12584989506418265,node,5,115.61016315119537
inst_05_02,-0.6000000000000001,0.12584989506418265,node,3,109.39154378738837
inst_05_02,-0.6000000000000001,0.12584989506418265,node,2,325.9545748770979
inst_05_02,-0.6000000000000001,0.12584989506418265,node,4,112.50085346929187
inst_05_02,-0.6000000000000001,0.12584989506418265,node,1,0.0
inst_05_02,-0.6000000000000001,0.12584989506418265,node,6,133.73254804043765
inst_05_02,-0.6000000000000001,0.12584989506418265,dcp,5,115.61016323896685
inst_05_02,-0.6000000000000001,0.12584989506418265,dcp,3,109.39154387510658
inst_05_02,-0.6000000000000001,0.12584989506418265,dcp,2,325.95457459214555
inst_05_02,-0.6000000000000001,0.12584989506418265,dcp,4,112.50085355703672
inst_05_02,-0.6000000000000001,0.12584989506418265,dcp,1,0.0
inst_05_02,-0.6000000000000001,0.12584989506418265,dcp,6,133.73254812876894
inst_05_03,-0.6000000000000001,0.15838196087665787,loop,5,0.0
inst_05_03,-0.6000000000000001,0.15838196087665787,loop,3,0.0
inst_05_03,-0.6000000000000001,0.15838196087665787,loop,2,0.0
inst_05_03,-0.6000000000000001,0.15838196087665787,loop,4,0.0
inst_05_03,-0.6000000000000001,0.15838196087665787,loop,1,0.0
inst_05_03,-0.6000000000000001,0.15838196087665787,loop,6,0.0
inst_05_03,-0.6000000000000001,0.15838196087665787,node,5,128.40948382705818
inst_05_03,-0.6000000000000001,0.15838196087665787,node,3,120.58335788327585
inst_05_03,-0.6000000000000001,0.15838196087665787,node,2,368.85736659284134
inst_05_03,-0.6000000000000001,0.15838196087665787,node,4,124.49642085515949
inst_05_03,-0.6000000000000001,0.15838196087665787,node,1,0.0
inst_05_03,-0.6000000000000001,0.15838196087665787,node,6,151.21648619329693
inst_05_03,-0.6000000000000001,0.15838196087665787,dcp,5,128.40948385476523
inst_05_03,-0.6000000000000001,0.15838196087665787,dcp,3,120.5833579109476
inst_05_03,-0.6000000000000001,0.15838196087665787,dcp,2,368.8573665260658
inst_05_03,-0.6000000000000001,0.15838196087665787,dcp,4,124.49642088289164
inst_05_03,-0.6000000000000001,0.15838196087665787,dcp,1,0.0
inst_05_03,-0.6000000000000001,0.15838196087665787,dcp,6,151.21648622170844
inst_05_04,-0.6000000000000001,0.19932353156386884,loop,5,0.0
inst_05_04,-0.6000000000000001,0.19932353156386884,loop,3,0.0
inst_05_04,-0.6000000000000001,0.19932353156386884,loop,2,0.0
inst_05_04,-0.6000000000000001,0.19932353156386884,loop,4,0.0
inst_05_04,-0.6000000000000001,0.19932353156386884,loop,1,0.0
inst_05_04,-0.6000000000000001,0.19932353156386884,loop,6,0.0
inst_05_04,-0.6000000000000001,0.19932353156386884,node,5,139.69766128937755
inst_05_04,-0.6000000000000001,0.19932353156386884,node,3,129.8484900016593
inst_05_04,-0.6000000000000001,0.19932353156386884,node,2,410.4976894469596
inst_05_04,-0.6000000000000001,0.19932353156386884,node,4,134.7730756454137
inst_05_04,-0.6000000000000001,0.19932353156386884,node,1,0.0
inst_05_04,-0.6000000000000001,0.19932353156386884,node,6,168.40024983457465
inst_05_04,-0.6000000000000001,0.19932353156386884,dcp,5,139.69766129374634
inst_05_04,-0.6000000000000001,0.19932353156386884,dcp,3,129.8484900058718
inst_05_04,-0.6000000000000001,0.19932353156386884,dcp,2,410.4976894385294
inst_05_04,-0.6000000000000001,0.19932353156386884,dcp,4,134.77307564977377
inst_05_04,-0.6000000000000001,0.19932353156386884,dcp,1,0.0
inst_05_04,-0.6000000000000001,0.19932353156386884,dcp,6,168.40024983983002
inst_05_05,-0.6000000000000001,0.2508484553113519,loop,5,0.0
inst_05_05,-0.6000000000000001,0.2508484553113519,loop,3,0.0
inst_05_05,-0.6000000000000001,0.2508484553113519,loop,2,0.0
inst_05_05,-0.6000000000000001,0.2508484553113519,loop,4,0.0
inst_05_05,-0.6000000000000001,0.2508484553113519,loop,1,0.0
inst_05_05,-0.6000000000000001,0.2508484553113519,loop,6,0.0
inst_05_05,-0.6000000000000001,0.2508484553113519,node,5,148.65020442801003
inst_05_05,-0.6000000000000001,0.2508484553113519,node,3,136.25503271655936
inst_05_05,-0.6000000000000001,0.2508484553113519,node,2,448.9437319723616
inst_05_05,-0.6000000000000001,0.2508484553113519,node,4,142.45261855752028
inst_05_05,-0.6000000000000001,0.2508484553113519,node,1,0.0
inst_05_05,-0.6000000000000001,0.2508484553113519,node,6,184.7723819928447
inst_05_05,-0.6000000000000001,0.2508484553113519,dcp,5,148.65020444306057
inst_05_05,-0.6000000000000001,0.2508484553113519,dcp,3,136.25503271257728
inst_05_05,-0.6000000000000001,0.2508484553113519,dcp,2,448.9437319796605
inst_05_05,-0.6000000000000001,0.2508484553113519,dcp,4,142.45261857788955
inst_05_05,-0.6000000000000001,0.2508484553113519,dcp,1,0.0
inst_05_05,-0.6000000000000001,0.2508484553113519,dcp,6,184.772382009011
inst_05_06,-0.6000000000000001,0.31569251777945956,loop,5,154.57718200295008
inst_05_06,-0.6000000000000001,0.31569251777945956,loop,3,138.9778713870919
inst_05_06,-0.6000000000000001,0.31569251777945956,loop,2,482.3858459127758
inst_05_06,-0.6000000000000001,0.31569251777945956,loop,4,146.77752669502098
inst_05_06,-0.6000000000000001,0.31569251777945956,loop,1,0.0
inst_05_06,-0.6000000000000001,0.31569251777945956,loop,6,200.03690456459645
inst_05_06,-0.6000000000000001,0.31569251777945956,node,5,154.57718042861018
inst_05_06,-0.6000000000000001,0.31569251777945956,node,3,138.9778713878658
inst_05_06,-0.6000000000000001,0.31569251777945956,node,2,482.38584591366504
inst_05_06,-0.6000000000000001,0.31569251777945956,node,4,146.77752468424305
inst_05_06,-0.6000000000000001,0.31569251777945956,node,1,0.0
inst_05_06,-0.6000000000000001,0.31569251777945956,node,6,200.03690298885238
inst_05_06,-0.6000000000000001,0.31569251777945956,dcp,5,154.57718200247461
inst_05_06,-0.6000000000000001,0.31569251777945956,dcp,3,138.97787138651034
inst_05_06,-0.6000000000000001,0.31569251777945956,dcp,2,482.38584591225947
inst_05_06,-0.6000000000000001,0.31569251777945956,dcp,4,146.77752669456294
inst_05_06,-0.6000000000000001,0.31569251777945956,dcp,1,0.0
inst_05_06,-0.6000000000000001,0.31569251777945956,dcp,6,200.036904564121
inst_05_07,-0.6000000000000001,0.3972987023509261,loop,5,157.0515180626057
inst_05_07,-0.6000000000000001,0.3972987023509261,loop,3,137.4198020218123
inst_05_07,-0.6000000000000001,0.3972987023509261,loop,2,509.3856233034562
inst_05_07,-0.6000000000000001,0.3972987023509261,loop,4,147.23566004220902
inst_05_07,-0.6000000000000001,0.3972987023509261,loop,1,0.0
inst_05_07,-0.6000000000000001,0.3972987023509261,loop,6,214.26253120290625
inst_05_07,-0.6000000000000001,0.3972987023509261,node,5,0.0
inst_05_07,-0.6000000000000001,0.3972987023509261,node,3,0.0
inst_05_07,-0.6000000000000001,0.3972987023509261,node,2,0.0
inst_05_07,-0.6000000000000001,0.3972987023509261,node,4,0.0
inst_05_07,-0.6000000000000001,0.3972987023509261,node,1,0.0
inst_05_07,-0.6000000000000001,0.3972987023509261,node,6,0.0
inst_05_07,-0.6000000000000001,0.3972987023509261,dcp,5,157.05151671410488
inst_05_07,-0.6000000000000001,0.3972987023509261,dcp,3,137.419800728201
inst_05_07,-0.6000000000000001,0.3972987023509261,dcp,2,509.3856241586925
inst_05_07,-0.6000000000000001,0.3972987023509261,dcp,4,147.2356587875403
inst_05_07,-0.6000000000000001,0.3972987023509261,dcp,1,0.0
inst_05_07,-0.6000000000000001,0.3972987023509261,dcp,6,214.26252985440541
inst_05_08,-0.6000000000000001,0.5,loop,5,156.00708099907695
inst_05_08,-0.6000000000000001,0.5,loop,3,131.30058696244012
inst_05_08,-0.6000000000000001,0.5,loop,2,529.0608588094794
inst_05_08,-0.6000000000000001,0.5,loop,4,143.65383398075852
inst_05_08,-0.6000000000000001,0.5,loop,1,0.0
inst_05_08,-0.6000000000000001,0.5,loop,6,228.00708100130095
inst_05_08,-0.6000000000000001,0.5,node,5,0.0
inst_05_08,-0.6000000000000001,0.5,node,3,0.0
inst_05_08,-0.6000000000000001,0.5,node,2,0.0
inst_05_08,-0.6000000000000001,0.5,node,4,0.0
inst_05_08,-0.6000000000000001,0.5,node,1,0.0
inst_05_08,-0.6000000000000001,0.5,node,6,0.0
inst_05_08,-0.6000000000000001,0.5,dcp,5,156.00708095451554
inst_05_08,-0.6000000000000001,0.5,dcp,3,131.30058691797467
inst_05_08,-0.6000000000000001,0.5,dcp,2,529.0608588276573
inst_05_08,-0.6000000000000001,0.5,dcp,4,143.65383393625086
inst_05_08,-0.6000000000000001,0.5,dcp,1,0.0
inst_05_08,-0.6000000000000001,0.5,dcp,6,228.00708095673954
inst_06_01,-0.55,0.1,loop,5,61.64540304358401
inst_06_01,-0.55,0.1,loop,3,56.70410423625665
inst_06_01,-0.55,0.1,loop,2,70.6558620932967
inst_06_01,-0.55,0.1,loop,4,59.17475363992033
inst_06_01,-0.55,0.1,loop,1,0.0
inst_06_01,-0.55,0.1,loop,6,76.04540304402882
inst_06_01,-0.55,0.1,node,5,117.76306997994116
inst_06_01,-0.55,0.1,node,3,112.82177117263757
inst_06_01,-0.55,0.1,node,2,320.6570277176705
inst_06_01,-0.55,0.1,node,4,115.2924205762846
inst_06_01,-0.55,0.1,node,1,0.0
inst_06_01,-0.55,0.1,node,6,132.16306997994116
inst_06_01,-0.55,0.1,dcp,5,117.76306998265966
inst_06_01,-0.55,0.1,dcp,3,112.82177117530502
inst_06_01,-0.55,0.1,dcp,2,320.65702769768694
inst_06_01,-0.55,0.1,dcp,4,115.29242057901757
inst_06_01,-0.55,0.1,dcp,1,0.0
inst_06_01,-0.55,0.1,dcp,6,132.16306998310446
inst_06_02,-0.55,0.12584989506418265,loop,5,0.0
inst_06_02,-0.55,0.12584989506418265,loop,3,0.0
inst_06_02,-0.55,0.12584989506418265,loop,2,0.0
inst_06_02,-0.55,0.12584989506418265,loop,4,0.0
inst_06_02,-0.55,0.12584989506418265,loop,1,0.0
inst_06_02,-0.55,0.12584989506418265,loop,6,0.0
inst_06_02,-0.55,0.12584989506418265,node,5,132.37301746461074
inst_06_02,-0.55,0.12584989506418265,node,3,126.15439810081148
inst_06_02,-0.55,0.12584989506418265,node,2,366.06001671233633
inst_06_02,-0.55,0.12584989506418265,node,4,129.26370778270513
inst_06_02,-0.55,0.12584989506418265,node,1,0.0
inst_06_02,-0.55,0.12584989506418265,node,6,150.49540235385305
inst_06_02,-0.55,0.12584989506418265,dcp,5,132.37301754807638
inst_06_02,-0.55,0.12584989506418265,dcp,3,126.15439818418683
inst_06_02,-0.55,0.12584989506418265,dcp,2,366.06001651018914
inst_06_02,-0.55,0.12584989506418265,dcp,4,129.26370786616692
inst_06_02,-0.55,0.12584989506418265,dcp,1,0.0
inst_06_02,-0.55,0.12584989506418265,dcp,6,150.49540243787845
inst_06_03,-0.55,0.15838196087665787,loop,5,0.0
inst_06_03,-0.55,0.15838196087665787,loop,3,0.0
inst_06_03,-0.55,0.15838196087665787,loop,2,0.0
inst_06_03,-0.55,0.15838196087665787,loop,4,0.0
inst_06_03,-0.55,0.15838196087665787,loop,1,0.0
inst_06_03,-0.55,0.15838196087665787,loop,6,0.0
inst_06_03,-0.55,0.15838196087665787,node,5,145.88885413657655
inst_06_03,-0.55,0.15838196087665787,node,3,138.0627281927848
inst_06_03,-0.55,0.15838196087665787,node,2,411.16074339674566
inst_06_03,-0.55,0.15838196087665787,node,4,141.97579116468043
inst_06_03,-0.55,0.15838196087665787,node,1,0.0
inst_06_03,-0.55,0.15838196087665787,node,6,168.69585650281527
inst_06_03,-0.55,0.15838196087665787,dcp,5,145.88885416280485
inst_06_03,-0.55,0.15838196087665787,dcp,3,138.06272821895763
inst_06_03,-0.55,0.15838196087665787,dcp,2,411.160743342446
inst_06_03,-0.55,0.15838196087665787,dcp,4,141.97579119088132
inst_06_03,-0.55,0.15838196087665787,dcp,1,0.0
inst_06_03,-0.55,0.15838196087665787,dcp,6,168.69585652974806
inst_06_04,-0.55,0.19932353156386884,loop,5,0.0
inst_06_04,-0.55,0.19932353156386884,loop,3,0.0
inst_06_04,-0.55,0.19932353156386884,loop,2,0.0
inst_06_04,-0.55,0.19932353156386884,loop,4,0.0
inst_06_04,-0.55,0.19932353156386884,loop,1,0.0
inst_06_04,-0.55,0.19932353156386884,loop,6,0.0
inst_06_04,-0.55,0.19932353156386884,node,5,0.0
inst_06_04,-0.55,0.19932353156386884,node,3,0.0
inst_06_04,-0.55,0.19932353156386884,node,2,0.0
inst_06_04,-0.55,0.19932353156386884,node,4,0.0
inst_06_04,-0.55,0.19932353156386884,node,1,0.0
inst_06_04,-0.55,0.19932353156386884,node,6,0.0
inst_06_04,-0.55,0.19932353156386884,dcp,5,157.38147764775238
inst_06_04,-0.55,0.19932353156386884,dcp,3,147.53230635984906
inst_06_04,-0.55,0.19932353156386884,dcp,2,453.9141810343284
inst_06_04,-0.55,0.19932353156386884,dcp,4,152.45689200380065
inst_06_04,-0.55,0.19932353156386884,dcp,1,0.0
inst_06_04,-0.55,0.19932353156386884,dcp,6,186.08406619383607
inst_06_05,-0.55,0.2508484553113519,loop,5,165.97697862293137
inst_06_05,-0.55,0.2508484553113519,loop,3,153.5818068924324
inst_06_05,-0.55,0.2508484553113519,loop,2,492.2516840771415
inst_06_05,-0.55,0.2508484553113519,loop,4,159.77939275768188
inst_06_05,-0.55,0.2508484553113519,loop,1,0.0
inst_06_05,-0.55,0.2508484553113519,loop,6,202.0991561888818
inst_06_05,-0.55,0.2508484553113519,node,5,165.9769780824933
inst_06_05,-0.55,0.2508484553113519,node,3,153.58180689149606
inst_06_05,-0.55,0.2508484553113519,node,2,492.2516840785254
inst_06_05,-0.55,0.2508484553113519,node,4,159.77939206781215
inst_06_05,-0.55,0.2508484553113519,node,1,0.0
inst_06_05,-0.55,0.2508484553113519,node,6,202.09915564732796
inst_06_05,-0.55,0.2508484553113519,dcp,5,165.97697862207895
inst_06_05,-0.55,0.2508484553113519,dcp,3,153.58180689153698
inst_06_05,-0.55,0.2508484553113519,dcp,2,492.25168407822594
inst_06_05,-0.55,0.2508484553113519,dcp,4,159.77939275680788
inst_06_05,-0.55,0.2508484553113519,dcp,1,0.0
inst_06_05,-0.55,0.2508484553113519,dcp,6,202.09915618802938
inst_06_06,-0.55,0.31569251777945956,loop,5,170.9999655570751
inst_06_06,-0.55,0.31569251777945956,loop,3,155.4006549412169
inst_06_06,-0.55,0.31569251777945956,loop,2,524.3618433788081
inst_06_06,-0.55,0.31569251777945956,loop,4,163.20031024914599
inst_06_06,-0.55,0.31569251777945956,loop,1,0.0
inst_06_06,-0.55,0.31569251777945956,loop,6,216.45968811872146
inst_06_06,-0.55,0.31569251777945956,node,5,0.0
inst_06_06,-0.55,0.31569251777945956,node,3,0.0
inst_06_06,-0.55,0.31569251777945956,node,2,0.0
inst_06_06,-0.55,0.31569251777945956,node,4,0.0
inst_06_06,-0.55,0.31569251777945956,node,1,0.0
inst_06_06,-0.55,0.31569251777945956,node,6,0.0
inst_06_06,-0.55,0.31569251777945956,dcp,5,170.99996555618614
inst_06_06,-0.55,0.31569251777945956,dcp,3,155.40065494022204
inst_06_06,-0.55,0.31569251777945956,dcp,2,524.361843378591
inst_06_06,-0.55,0.31569251777945956,dcp,4,163.20031024827463
inst_06_06,-0.55,0.31569251777945956,dcp,1,0.0
inst_06_06,-0.55,0.31569251777945956,dcp,6,216.4596881178325
inst_06_07,-0.55,0.3972987023509261,loop,5,172.1013332928478
inst_06_07,-0.55,0.3972987023509261,loop,3,152.4696172520544
inst_06_07,-0.55,0.3972987023509261,loop,2,548.9436230699806
inst_06_07,-0.55,0.3972987023509261,loop,4,162.28547527245112
inst_06_07,-0.55,0.3972987023509261,loop,1,0.0
inst_06_07,-0.55,0.3972987023509261,loop,6,229.31234643314835
inst_06_07,-0.55,0.3972987023509261,node,5,0.0
inst_06_07,-0.55,0.3972987023509261,node,3,0.0
inst_06_07,-0.55,0.3972987023509261,node,2,0.0
inst_06_07,-0.55,0.3972987023509261,node,4,0.0
inst_06_07,-0.55,0.3972987023509261,node,1,0.0
inst_06_07,-0.55,0.3972987023509261,node,6,0.0
inst_06_07,-0.55,0.3972987023509261,dcp,5,172.1013332416763
inst_06_07,-0.55,0.3972987023509261,dcp,3,152.46961720054094
inst_06_07,-0.55,0.3972987023509261,dcp,2,548.9436230955911
inst_06_07,-0.55,0.3972987023509261,dcp,4,162.28547522124964
inst_06_07,-0.55,0.3972987023509261,dcp,1,0.0
inst_06_07,-0.55,0.3972987023509261,dcp,6,229.31234638197682
inst_06_08,-0.55,0.5,loop,5,169.340350108345
inst_06_08,-0.55,0.5,loop,3,144.63385607170818
inst_06_08,-0.55,0.5,loop,2,565.3621769113413
inst_06_08,-0.55,0.5,loop,4,156.9871030900266
inst_06_08,-0.55,0.5,loop,1,0.0
inst_06_08,-0.55,0.5,loop,6,241.340350110569
inst_06_08,-0.55,0.5,node,5,0.0
inst_06_08,-0.55,0.5,node,3,0.0
inst_06_08,-0.55,0.5,node,2,0.0
inst_06_08,-0.55,0.5,node,4,0.0
inst_06_08,-0.55,0.5,node,1,0.0
inst_06_08,-0.55,0.5,node,6,0.0
inst_06_08,-0.55,0.5,dcp,5,169.34035010802785
inst_06_08,-0.55,0.5,dcp,3,144.63385607160401
inst_06_08,-0.55,0.5,dcp,2,565.3621769112813
inst_06_08,-0.55,0.5,dcp,4,156.9871030896804
inst_06_08,-0.55,0.5,dcp,1,0.0
inst_06_08,-0.55,0.5,dcp,6,241.34035011025185
inst_07_01,-0.5,0.1,loop,5,58.49105165998483
inst_07_01,-0.5,0.1,loop,3,53.54975285265746
inst_07_01,-0.5,0.1,loop,2,65.95976301211313
inst_07_01,-0.5,0.1,loop,4,56.02040225632115
inst_07_01,-0.5,0.1,loop,1,0.0
inst_07_01,-0.5,0.1,loop,6,72.89105166042962
inst_07_01,-0.5,0.1,node,5,136.86481810804526
inst_07_01,-0.5,0.1,node,3,131.92351930074167
inst_07_01,-0.5,0.1,node,2,365.41810441085636
inst_07_01,-0.5,0.1,node,4,134.3941687043887
inst_07_01,-0.5,0.1,node,1,0.0
inst_07_01,-0.5,0.1,node,6,151.26481810804526
inst_07_01,-0.5,0.1,dcp,5,136.86481810944576
inst_07_01,-0.5,0.1,dcp,3,131.92351930212007
inst_07_01,-0.5,0.1,dcp,2,365.4181043997635
inst_07_01,-0.5,0.1,dcp,4,134.394168705783
inst_07_01,-0.5,0.1,dcp,1,0.0
inst_07_01,-0.5,0.1,dcp,6,151.26481810989057
inst_07_02,-0.5,0.12584989506418265,loop,5,88.05824530488303
inst_07_02,-0.5,0.12584989506418265,loop,3,81.83962594105382
inst_07_02,-0.5,0.12584989506418265,loop,2,104.77602849559435
inst_07_02,-0.5,0.12584989506418265,loop,4,84.94893562296842
inst_07_02,-0.5,0.12584989506418265,loop,1,0.0
inst_07_02,-0.5,0.12584989506418265,loop,6,106.18063019468511
inst_07_02,-0.5,0.12584989506418265,node,5,152.62897044777517
inst_07_02,-0.5,0.12584989506418265,node,3,146.41035108397588
inst_07_02,-0.5,0.12584989506418265,node,2,413.96356495720613
inst_07_02,-0.5,0.12584989506418265,node,4,149.51966076586953
inst_07_02,-0.5,0.12584989506418265,node,1,0.0
inst_07_02,-0.5,0.12584989506418265,node,6,170.75135533701746
inst_07_02,-0.5,0.12584989506418265,dcp,5,152.6289705024455
inst_07_02,-0.5,0.12584989506418265,dcp,3,146.4103511385561
inst_07_02,-0.5,0.12584989506418265,dcp,2,413.96356488089566
inst_07_02,-0.5,0.12584989506418265,dcp,4,149.51966082053605
inst_07_02,-0.5,0.12584989506418265,dcp,1,0.0
inst_07_02,-0.5,0.12584989506418265,dcp,6,170.75135539224758
inst_07_03,-0.5,0.15838196087665787,loop,5,0.0
inst_07_03,-0.5,0.15838196087665787,loop,3,0.0
inst_07_03,-0.5,0.15838196087665787,loop,2,0.0
inst_07_03,-0.5,0.15838196087665787,loop,4,0.0
inst_07_03,-0.5,0.15838196087665787,loop,1,0.0
inst_07_03,-0.5,0.15838196087665787,loop,6,0.0
inst_07_03,-0.5,0.15838196087665787,node,5,166.75603601409213
inst_07_03,-0.5,0.15838196087665787,node,3,158.9299100703098
inst_07_03,-0.5,0.15838196087665787,node,2,461.07803186943806
inst_07_03,-0.5,0.15838196087665787,node,4,162.84297304219342
inst_07_03,-0.5,0.15838196087665787,node,1,0.0
inst_07_03,-0.5,0.15838196087665787,node,6,189.56303838033088
inst_07_03,-0.5,0.15838196087665787,dcp,5,166.7560360350721
inst_07_03,-0.5,0.15838196087665787,dcp,3,158.92991009116668
inst_07_03,-0.5,0.15838196087665787,dcp,2,461.07803183316156
inst_07_03,-0.5,0.15838196087665787,dcp,4,162.8429730631193
inst_07_03,-0.5,0.15838196087665787,dcp,1,0.0
inst_07_03,-0.5,0.15838196087665787,dcp,6,189.56303840201534
inst_07_04,-0.5,0.19932353156386884,loop,5,0.0
inst_07_04,-0.5,0.19932353156386884,loop,3,0.0
inst_07_04,-0.5,0.19932353156386884,loop,2,0.0
inst_07_04,-0.5,0.19932353156386884,loop,4,0.0
inst_07_04,-0.5,0.19932353156386884,loop,1,0.0
inst_07_04,-0.5,0.19932353156386884,loop,6,0.0
inst_07_04,-0.5,0.19932353156386884,node,5,0.0
inst_07_04,-0.5,0.19932353156386884,node,3,0.0
inst_07_04,-0.5,0.19932353156386884,node,2,0.0
inst_07_04,-0.5,0.19932353156386884,node,4,0.0
inst_07_04,-0.5,0.19932353156386884,node,1,0.0
inst_07_04,-0.5,0.19932353156386884,node,6,0.0
inst_07_04,-0.5,0.19932353156386884,dcp,5,178.2209207441744
inst_07_04,-0.5,0.19932353156386884,dcp,3,168.3717494562711
inst_07_04,-0.5,0.19932353156386884,dcp,2,504.48140738633805
inst_07_04,-0.5,0.19932353156386884,dcp,4,173.29633510022282
inst_07_04,-0.5,0.19932353156386884,dcp,1,0.0
inst_07_04,-0.5,0.19932353156386884,dcp,6,206.9235092902581
inst_07_05,-0.5,0.2508484553113519,loop,5,186.12197919956301
inst_07_05,-0.5,0.2508484553113519,loop,3,173.72680746906406
inst_07_05,-0.5,0.2508484553113519,loop,2,542.010518332909
inst_07_05,-0.5,0.2508484553113519,loop,4,179.92439333431352
inst_07_05,-0.5,0.2508484553113519,loop,1,0.0
inst_07_05,-0.5,0.2508484553113519,loop,6,222.24415676551345
inst_07_05,-0.5,0.2508484553113519,node,5,186.1219786619135
inst_07_05,-0.5,0.2508484553113519,node,3,173.72680747091624
inst_07_05,-0.5,0.2508484553113519,node,2,542.0105183520118
inst_07_05,-0.5,0.2508484553113519,node,4,179.92439264723234
inst_07_05,-0.5,0.2508484553113519,node,1,0.0
inst_07_05,-0.5,0.2508484553113519,node,6,222.24415622674815
inst_07_05,-0.5,0.2508484553113519,dcp,5,186.12197919968426
inst_07_05,-0.5,0.2508484553113519,dcp,3,173.72680746925917
inst_07_05,-0.5,0.2508484553113519,dcp,2,542.0105183327926
inst_07_05,-0.5,0.2508484553113519,dcp,4,179.92439333447172
inst_07_05,-0.5,0.2508484553113519,dcp,1,0.0
inst_07_05,-0.5,0.2508484553113519,dcp,6,222.2441567656347
inst_07_06,-0.5,0.31569251777945956,loop,5,189.834690300177
inst_07_06,-0.5,0.31569251777945956,loop,3,174.23537968431881
inst_07_06,-0.5,0.31569251777945956,loop,2,571.9270214533362
inst_07_06,-0.5,0.31569251777945956,loop,4,182.0350349922479
inst_07_06,-0.5,0.31569251777945956,loop,1,0.0
inst_07_06,-0.5,0.31569251777945956,loop,6,235.29441286182336
inst_07_06,-0.5,0.31569251777945956,node,5,0.0
inst_07_06,-0.5,0.31569251777945956,node,3,0.0
inst_07_06,-0.5,0.31569251777945956,node,2,0.0
inst_07_06,-0.5,0.31569251777945956,node,4,0.0
inst_07_06,-0.5,0.31569251777945956,node,1,0.0
inst_07_06,-0.5,0.31569251777945956,node,6,0.0
inst_07_06,-0.5,0.31569251777945956,dcp,5,189.83469029961464
inst_07_06,-0.5,0.31569251777945956,dcp,3,174.23537968370923
inst_07_06,-0.5,0.31569251777945956,dcp,2,571.9270214528229
inst_07_06,-0.5,0.31569251777945956,dcp,4,182.03503499180303
inst_07_06,-0.5,0.31569251777945956,dcp,1,0.0
inst_07_06,-0.5,0.31569251777945956,dcp,6,235.294412861261
inst_07_07,-0.5,0.3972987023509261,loop,5,189.1308041528559
inst_07_07,-0.5,0.3972987023509261,loop,3,169.49908811206248
inst_07_07,-0.5,0.3972987023509261,loop,2,593.1580614671598
inst_07_07,-0.5,0.3972987023509261,loop,4,179.3149461324592
inst_07_07,-0.5,0.3972987023509261,loop,1,0.0
inst_07_07,-0.5,0.3972987023509261,loop,6,246.34181729315642
inst_07_07,-0.5,0.3972987023509261,node,5,0.0
inst_07_07,-0.5,0.3972987023509261,node,3,0.0
inst_07_07,-0.5,0.3972987023509261,node,2,0.0
inst_07_07,-0.5,0.3972987023509261,node,4,0.0
inst_07_07,-0.5,0.3972987023509261,node,1,0.0
inst_07_07,-0.5,0.3972987023509261,node,6,0.0
inst_07_07,-0.5,0.3972987023509261,dcp,5,189.1308041481732
inst_07_07,-0.5,0.3972987023509261,dcp,3,169.49908810715493
inst_07_07,-0.5,0.3972987023509261,dcp,2,593.1580614684785
inst_07_07,-0.5,0.3972987023509261,dcp,4,179.31494612794654
inst_07_07,-0.5,0.3972987023509261,dcp,1,0.0
inst_07_07,-0.5,0.3972987023509261,dcp,6,246.34181728847375
inst_07_08,-0.5,0.5,loop,5,184.23501178986837
inst_07_08,-0.5,0.5,loop,3,159.52851775323154
inst_07_08,-0.5,0.5,loop,2,605.4030480963988
inst_07_08,-0.5,0.5,loop,4,171.88176477154997
inst_07_08,-0.5,0.5,loop,1,0.0
inst_07_08,-0.5,0.5,loop,6,256.23501179209234
inst_07_08,-0.5,0.5,node,5,0.0
inst_07_08,-0.5,0.5,node,3,0.0
inst_07_08,-0.5,0.5,node,2,0.0
inst_07_08,-0.5,0.5,node,4,0.0
inst_07_08,-0.5,0.5,node,1,0.0
inst_07_08,-0.5,0.5,node,6,0.0
inst_07_08,-0.5,0.5,dcp,5,184.23501178958387
inst_07_08,-0.5,0.5,dcp,3,159.528517753043
inst_07_08,-0.5,0.5,dcp,2,605.4030480963712
inst_07_08,-0.5,0.5,dcp,4,171.88176477131918
inst_07_08,-0.5,0.5,dcp,1,0.0
inst_07_08,-0.5,0.5,dcp,6,256.2350117918079
inst_08_01,-0.45,0.1,loop,5,56.191096100839125
inst_08_01,-0.45,0.1,loop,3,51.24979729351176
inst_08_01,-0.45,0.1,loop,2,62.564572678900994
inst_08_01,-0.45,0.1,loop,4,53.72044669717545
inst_08_01,-0.45,0.1,loop,1,0.0
inst_08_01,-0.45,0.1,loop,6,70.59109610128392
inst_08_01,-0.45,0.1,node,5,160.49355082790606
inst_08_01,-0.45,0.1,node,3,155.55225202060248
inst_08_01,-0.45,0.1,node,2,420.16077543730637
inst_08_01,-0.45,0.1,node,4,158.0229014242495
inst_08_01,-0.45,0.1,node,1,0.0
inst_08_01,-0.45,0.1,node,6,174.89355082790607
inst_08_01,-0.45,0.1,dcp,5,160.4935508256418
inst_08_01,-0.45,0.1,dcp,3,155.55225201828716
inst_08_01,-0.45,0.1,dcp,2,420.16077544214716
inst_08_01,-0.45,0.1,dcp,4,158.02290142199956
inst_08_01,-0.45,0.1,dcp,1,0.0
inst_08_01,-0.45,0.1,dcp,6,174.8935508260866
inst_08_02,-0.45,0.12584989506418265,loop,5,80.52895267773408
inst_08_02,-0.45,0.12584989506418265,loop,3,74.31033331390488
inst_08_02,-0.45,0.12584989506418265,loop,2,93.3469801698465
inst_08_02,-0.45,0.12584989506418265,loop,4,77.41964299581947
inst_08_02,-0.45,0.12584989506418265,loop,1,0.0
inst_08_02,-0.45,0.12584989506418265,loop,6,98.65133756753616
inst_08_02,-0.45,0.12584989506418265,node,5,177.37134447573783
inst_08_02,-0.45,0.12584989506418265,node,3,171.15272511193854
inst_08_02,-0.45,0.12584989506418265,node,2,471.8135710136099
inst_08_02,-0.45,0.12584989506418265,node,4,174.26203479383219
inst_08_02,-0.45,0.12584989506418265,node,1,0.0
inst_08_02,-0.45,0.12584989506418265,node,6,195.4937293649801
inst_08_02,-0.45,0.12584989506418265,dcp,5,177.37134452216236
inst_08_02,-0.45,0.12584989506418265,dcp,3,171.15272515830242
inst_08_02,-0.45,0.12584989506418265,dcp,2,471.8135710121958
inst_08_02,-0.45,0.12584989506418265,dcp,4,174.26203484030287
inst_08_02,-0.45,0.12584989506418265,dcp,1,0.0
inst_08_02,-0.45,0.12584989506418265,dcp,6,195.49372941196444
inst_08_03,-0.45,0.15838196087665787,loop,5,0.0
inst_08_03,-0.45,0.15838196087665787,loop,3,0.0
inst_08_03,-0.45,0.15838196087665787,loop,2,0.0
inst_08_03,-0.45,0.15838196087665787,loop,4,0.0
inst_08_03,-0.45,0.15838196087665787,loop,1,0.0
inst_08_03,-0.45,0.15838196087665787,loop,6,0.0
inst_08_03,-0.45,0.15838196087665787,node,5,191.8984622984204
inst_08_03,-0.45,0.15838196087665787,node,3,184.07233635473548
inst_08_03,-0.45,0.15838196087665787,node,2,520.5377578269591
inst_08_03,-0.45,0.15838196087665787,node,4,187.98539932649473
inst_08_03,-0.45,0.15838196087665787,node,1,0.0
inst_08_03,-0.45,0.15838196087665787,node,6,214.70546466465913
inst_08_03,-0.45,0.15838196087665787,dcp,5,191.89846231138483
inst_08_03,-0.45,0.15838196087665787,dcp,3,184.0723363675378
inst_08_03,-0.45,0.15838196087665787,dcp,2,520.5377578093749
inst_08_03,-0.45,0.15838196087665787,dcp,4,187.9853993394613
inst_08_03,-0.45,0.15838196087665787,dcp,1,0.0
inst_08_03,-0.45,0.15838196087665787,dcp,6,214.70546467832804
inst_08_04,-0.45,0.19932353156386884,loop,5,0.0
inst_08_04,-0.45,0.19932353156386884,loop,3,0.0
inst_08_04,-0.45,0.19932353156386884,loop,2,0.0
inst_08_04,-0.45,0.19932353156386884,loop,4,0.0
inst_08_04,-0.45,0.19932353156386884,loop,1,0.0
inst_08_04,-0.45,0.19932353156386884,loop,6,0.0
inst_08_04,-0.45,0.19932353156386884,node,5,202.9685490467774
inst_08_04,-0.45,0.19932353156386884,node,3,193.11937776013627
inst_08_04,-0.45,0.19932353156386884,node,2,563.8443465866317
inst_08_04,-0.45,0.19932353156386884,node,4,198.04396340251532
inst_08_04,-0.45,0.19932353156386884,node,1,0.0
inst_08_04,-0.45,0.19932353156386884,node,6,231.67113759197454
inst_08_04,-0.45,0.19932353156386884,dcp,5,202.96854904795447
inst_08_04,-0.45,0.19932353156386884,dcp,3,193.11937776005115
inst_08_04,-0.45,0.19932353156386884,dcp,2,563.8443465861958
inst_08_04,-0.45,0.19932353156386884,dcp,4,198.04396340400288
inst_08_04,-0.45,0.19932353156386884,dcp,1,0.0
inst_08_04,-0.45,0.19932353156386884,dcp,6,231.67113759403816
inst_08_05,-0.45,0.2508484553113519,loop,5,209.6898434795569
inst_08_05,-0.45,0.2508484553113519,loop,3,197.29467174905795
inst_08_05,-0.45,0.2508484553113519,loop,2,599.5512458382599
inst_08_05,-0.45,0.2508484553113519,loop,4,203.49225761430742
inst_08_05,-0.45,0.2508484553113519,loop,1,0.0
inst_08_05,-0.45,0.2508484553113519,loop,6,245.81202104550735
inst_08_05,-0.45,0.2508484553113519,node,5,0.0
inst_08_05,-0.45,0.2508484553113519,node,3,0.0
inst_08_05,-0.45,0.2508484553113519,node,2,0.0
inst_08_05,-0.45,0.2508484553113519,node,4,0.0
inst_08_05,-0.45,0.2508484553113519,node,1,0.0
inst_08_05,-0.45,0.2508484553113519,node,6,0.0
inst_08_05,-0.45,0.2508484553113519,dcp,5,209.68984347980725
inst_08_05,-0.45,0.2508484553113519,dcp,3,197.29467174938216
inst_08_05,-0.45,0.2508484553113519,dcp,2,599.5512458380849
inst_08_05,-0.45,0.2508484553113519,dcp,4,203.49225761459488
inst_08_05,-0.45,0.2508484553113519,dcp,1,0.0
inst_08_05,-0.45,0.2508484553113519,dcp,6,245.8120210457577
inst_08_06,-0.45,0.31569251777945956,loop,5,211.54148073180247
inst_08_06,-0.45,0.31569251777945956,loop,3,195.9421701159443
inst_08_06,-0.45,0.31569251777945956,loop,2,626.1029215655924
inst_08_06,-0.45,0.31569251777945956,loop,4,203.74182542387337
inst_08_06,-0.45,0.31569251777945956,loop,1,0.0
inst_08_06,-0.45,0.31569251777945956,loop,6,257.00120329344884
inst_08_06,-0.45,0.31569251777945956,node,5,0.0
inst_08_06,-0.45,0.31569251777945956,node,3,0.0
inst_08_06,-0.45,0.31569251777945956,node,2,0.0
inst_08_06,-0.45,0.31569251777945956,node,4,0.0
inst_08_06,-0.45,0.31569251777945956,node,1,0.0
inst_08_06,-0.45,0.31569251777945956,node,6,0.0
inst_08_06,-0.45,0.31569251777945956,dcp,5,211.54148073098693
inst_08_06,-0.45,0.31569251777945956,dcp,3,195.94217011502283
inst_08_06,-0.45,0.31569251777945956,dcp,2,626.1029215652601
inst_08_06,-0.45,0.31569251777945956,dcp,4,203.74182542307528
inst_08_06,-0.45,0.31569251777945956,dcp,1,0.0
inst_08_06,-0.45,0.31569251777945956,dcp,6,257.00120329263325
inst_08_07,-0.45,0.3972987023509261,loop,5,208.4720522283493
inst_08_07,-0.45,0.3972987023509261,loop,3,188.8403361875559
inst_08_07,-0.45,0.3972987023509261,loop,2,642.7738343842896
inst_08_07,-0.45,0.3972987023509261,loop,4,198.6561942079526
inst_08_07,-0.45,0.3972987023509261,loop,1,0.0
inst_08_07,-0.45,0.3972987023509261,loop,6,265.68306536864986
inst_08_07,-0.45,0.3972987023509261,node,5,0.0
inst_08_07,-0.45,0.3972987023509261,node,3,0.0
inst_08_07,-0.45,0.3972987023509261,node,2,0.0
inst_08_07,-0.45,0.3972987023509261,node,4,0.0
inst_08_07,-0.45,0.3972987023509261,node,1,0.0
inst_08_07,-0.45,0.3972987023509261,node,6,0.0
inst_08_07,-0.45,0.3972987023509261,dcp,5,208.47205222794443
inst_08_07,-0.45,0.3972987023509261,dcp,3,188.84033618708102
inst_08_07,-0.45,0.3972987023509261,dcp,2,642.7738343841165
inst_08_07,-0.45,0.3972987023509261,dcp,4,198.65619420765856
inst_08_07,-0.45,0.3972987023509261,dcp,1,0.0
inst_08_07,-0.45,0.3972987023509261,dcp,6,265.68306536824497
inst_08_08,-0.45,0.5,loop,5,200.91914903840748
inst_08_08,-0.45,0.5,loop,3,176.21265500177066
inst_08_08,-0.45,0.5,loop,2,649.7012400086835
inst_08_08,-0.45,0.5,loop,4,188.56590202008908
inst_08_08,-0.45,0.5,loop,1,0.0
inst_08_08,-0.45,0.5,loop,6,272.9191490406315
inst_08_08,-0.45,0.5,node,5,0.0
inst_08_08,-0.45,0.5,node,3,0.0
inst_08_08,-0.45,0.5,node,2,0.0
inst_08_08,-0.45,0.5,node,4,0.0
inst_08_08,-0.45,0.5,node,1,0.0
inst_08_08,-0.45,0.5,node,6,0.0
inst_08_08,-0.45,0.5,dcp,5,200.91914903678185
inst_08_08,-0.45,0.5,dcp,3,176.21265500023563
inst_08_08,-0.45,0.5,dcp,2,649.7012400087292
inst_08_08,-0.45,0.5,dcp,4,188.56590201850852
inst_08_08,-0.45,0.5,dcp,1,0.0
inst_08_08,-0.45,0.5,dcp,6,272.91914903900584
